id,latitude,longitude,type
1,39.0229714,-94.7145415,city
2,38.312105,-95.962768,recarea
3,38.92333,-95.33,recarea
4,38.654905,-94.900047,recarea
5,38.514529,-95.704914,recarea
6,39.08333,-96.895,recarea
7,39.118462,-95.411396,recarea
8,38.65167,-95.55667,recarea
9,39.255872,-96.589657,recarea
10,38.256722,-94.656428,recarea
11,38.679139,-96.505389,recarea
12,38.242782,-95.753884,recarea
13,37.73894,-95.932257,recarea
14,38.912893,-92.274144,recarea
15,40.083301,-95.25,recarea
16,38.2664,-93.398065,recarea
17,39.399192,-94.55706,recarea
18,38.92667,-94.46833,recarea
19,39.016596,-94.33833,recarea
20,41.6274511,-93.7380243,city
21,41.54825,-96.028144,recarea
22,41.56669998,-93.25830078,recarea
23,41.7238,-91.522,recarea
24,41.3708,-92.9794,recarea
25,41.7036,-93.6811,recarea
26,40.828265,-92.877657,recarea
27,41.173834,-96.151202,recarea
28,41.339006,-96.056974,recarea
29,41.219838,-96.160386,recarea
30,41.464724,-95.977012,recarea
31,40.4233142,-104.7091322,city
32,40.51955,-105.16841,recarea
33,39.559653,-105.058974,recarea
34,40.37105,-105.23602,recarea
35,39.649023,-104.859446,recarea
36,40.36377,-105.28245,recarea
37,40.356125,-105.22091,recarea
38,41.308539857,-105.629614498,recarea
39,39.83974,-105.10606,recarea
40,40.559131,-105.086411,recarea
41,40.37578,-105.50896,recarea
42,40.34574,-105.53641,recarea
43,39.8345,-104.847,recarea
44,40.32811,-105.5764,recarea
45,39.653304,-105.128738,recarea
46,39.3113257,-94.922759,city
47,44.0234387,-92.4630182,city
48,44.05099869,-91.63629913,recarea
49,43.213358,-91.09397,recarea
50,44.60948,-92.611802,recarea
51,44.914452,-93.203902,recarea
52,44.85983,-93.216321,recarea
53,44.759116,-92.869017,recarea
54,44.089778,-91.667768,recarea
55,43.283732,-94.110516,recarea
56,43.26670074,-94.11669922,recarea
57,44.811349,-91.4984941,city
58,41.4246132,-91.0436508,city
59,42.785,-91.095,recarea
60,42.542016,-90.634298,recarea
61,41.18030167,-91.30000305,recarea
62,38.0872306,-102.620749,city
63,38.068194,-102.937314,recarea
64,39.579155,-104.8769227,city
65,40.000546,-105.834092,recarea
66,38.62438,-105.22499,recarea
67,38.415119,-105.585288,recarea
68,40.14296,-105.89066,recarea
69,38.44606,-105.19255,recarea
70,39.225377,-106.390222,recarea
71,40.05714,-106.38788,recarea
72,39.71183,-106.69583,recarea
73,39.26133,-106.34791,recarea
74,38.24762,-104.72315,recarea
75,39.89762,-106.31001,recarea
76,40.10715,-106.02378,recarea
77,39.3722552,-104.858682,city
78,38.56682,-105.27884,recarea
79,40.4797828,-88.9939147,city
80,39.939967,-90.530296,recarea
81,38.8402805,-97.6114237,city
82,38.812407,-99.730884,recarea
83,37.742939,-97.772006,recarea
84,39.65525,-99.1154,recarea
85,39.90314,-98.04306,recarea
86,39.51589,-98.3392,recarea
87,39.669137,-99.1968,recarea
88,38.1579368,-98.4995991,recarea
89,38.62167,-97.97,recarea
90,38.967662,-98.498476,recarea
91,39.40836,-99.45445,recarea
92,37.845788,-96.823987,recarea
93,38.36833,-97.08333,recarea
94,38.9697458,-94.7845837,city
95,37.691975,-93.763308,recarea
96,39.8695516,-104.985181,city
97,40.001957,-106.484811,recarea
98,40.2168,-105.86078,recarea
99,42.0329753,-91.5987335,city
100,43.031723,-91.174686,recarea
101,39.9356016,-91.4098727,city
102,39.261158,-90.803798,recarea
103,39.525364,-91.643673,recarea
104,39.004035,-90.69182,recarea
105,39.751208,-92.514789,recarea
106,40.036685,-91.472927,recarea
107,42.0267567,-93.6170448,city
108,48.1465457,-103.621814,city
109,46.87235,-102.83216,recarea
110,48.641682,-102.403361,recarea
111,47.345231,-102.654425,recarea
112,48.881067,-103.310295,recarea
113,48.64171,-102.403428,recarea
114,36.0625843,-94.1574328,city
115,36.595826,-93.311034,recarea
116,43.1524574,-93.2017941,city
117,36.7421089,-95.9528877,city
118,37.270174,-95.471674,recarea
119,37.27726,-95.78665,recarea
120,37.64667,-96.07,recarea
121,44.290635,-105.501876,city
122,44.70943,-103.71311,recarea
123,44.06762,-103.48332,recarea
124,44.3725,-103.47297,recarea
125,39.5466381,-107.3246941,city
126,39.033,-108.53,recarea
127,39.178,-108.826,recarea
128,39.18943,-109.00048,recarea
129,39.576,-107.601,recarea
130,38.991,-108.62,recarea
131,39.688,-106.952,recarea
132,39.31006,-108.70579,recarea
133,38.99124,-108.61956,recarea
134,39.334,-108.704,recarea
135,39.592,-107.475,recarea
136,38.94127,-107.36274,recarea
137,39.047,-108.606,recarea
138,39.424,-107.227,recarea
139,39.33275,-107.15167,recarea
140,38.68294,-107.60111,recarea
141,39.17723,-108.81333,recarea
142,39.37577,-106.8157,recarea
143,39.065,-108.707,recarea
144,38.72467,-107.54447,recarea
145,40.022455,-106.851757,recarea
146,38.82769,-107.95589,recarea
147,39.63217,-107.73499,recarea
148,43.8122836,-91.2514355,city
149,38.951883,-92.3337366,city
150,37.947793,-91.788157,recarea
151,39.60829926,-93.1832962,recarea
152,37.90167,-93.32,recarea
153,40.1672117,-105.101928,city
154,45.7874957,-108.49607,city
155,45.792903,-108.501663,recarea
156,39.0924792,-94.4137923,city
157,42.8712938,-97.3967011,city
158,43.169781,-98.45224,recarea
159,42.847983,-97.4816,recarea
160,43.97592,-97.071369,recarea
161,43.037063,-98.545733,recarea
162,43.065501,-98.556502,recarea
163,37.2081729,-93.2922715,city
164,37.181539,-93.29673,recarea
165,39.7990175,-89.6439575,city
166,37.3034933,-89.5230357,city
167,36.969243,-90.150115,recarea
168,36.969311,-90.15138,recarea
169,37.62220001,-90.64360046,recarea
170,36.932023,-90.277772,recarea
171,37.6222001,-90.64360046,recarea
172,37.139783,-90.769953,recarea
173,45.5616075,-94.1642004,city
174,46.78746111,-93.32020833,recarea
175,45.070228,-94.532216,recarea
176,45.62278,-95.88522,recarea
177,45.25989,-96.340224,recarea
178,46.214977,-96.179743,recarea
179,45.933918,-94.251044,recarea
180,45.4949,-93.69165,recarea
181,46.237178,-96.041798,recarea
182,46.53329849,-93.34999847,recarea
183,46.66948889,-94.10955556,recarea
184,46.41090556,-94.35348889,recarea
185,46.151741,-93.644713,recarea
186,45.02167,-95.86667,recarea
187,37.6922361,-97.3375448,city
188,39.0672568,-108.56448,city
189,40.00671,-108.78078,recarea
190,38.670735,-107.832726,recarea
191,38.173841,-107.732632,recarea
192,38.38426,-107.94038,recarea
193,38.42122,-107.93163,recarea
194,38.52131,-107.85916,recarea
195,38.51487,-108.0112,recarea
196,38.20891,-107.72978,recarea
197,38.683693,-107.865078,recarea
198,40.8126922,-91.1020205,city
199,42.5361805,-92.447758,city
200,45.4649805,-98.487813,city
201,46.94311,-98.70095,recarea
202,46.0258,-97.4407,recarea
203,46.96167,-98.75,recarea
204,46.301732,-98.949418,recarea
205,45.6323,-98.2951,recarea
206,44.361524,-98.217927,recarea
207,45.7777,-98.2381,recarea
208,45.424878,-97.326614,recarea
209,44.59756,-98.23831,recarea
210,45.42472,-97.2669,recarea
211,45.769011,-96.639099,recarea
212,38.6280278,-90.1910154,city
213,38.4781927,-107.876277,city
214,38.82091,-106.57687,recarea
215,38.03004722,-107.31333333,recarea
216,38.138317,-108.33885,recarea
217,38.50575,-106.94048,recarea
218,37.5347,-107.8059,recarea
219,38.518157,-107.461042,recarea
220,37.7527982,-100.0170787,city
221,42.048881,-92.9122672,city
222,41.8502821,-90.1877485,city
223,46.877229,-96.789821,city
224,47.135324,-99.243866,recarea
225,47.03471,-98.071288,recarea
226,46.9664,-98.0306,recarea
227,47.65000153,-96.10829926,recarea
228,46.957924,-95.654751,recarea
229,47.0,-95.625,recarea
230,46.849007,-95.845794,recarea
231,44.490817,-103.85937,city
232,44.00608,-103.80021,recarea
233,43.456071,-103.490776,recarea
234,43.346832,-103.421676,recarea
235,43.438735,-103.560322,recarea
236,38.7098314,-93.2295515,city
237,42.062465,-104.184394,city
238,42.619234,-103.220784,recarea
239,41.761386,-102.437704,recarea
240,41.9484,-103.5187,recarea
241,41.95492,-103.53177,recarea
242,42.46173,-103.07033,recarea
243,41.94958,-103.508,recarea
244,41.99836,-103.63472,recarea
245,41.83489,-103.61699,recarea
246,39.100105,-94.5781416,city
247,46.808327,-100.783739,city
248,47.533865,-100.886292,recarea
249,46.59337,-101.81,recarea
250,47.022661,-99.461417,recarea
251,47.577997,-101.247068,recarea
252,46.669846,-100.22953,recarea
253,46.8333015,-99.7208023,recarea
254,46.88413,-102.28538,recarea
255,46.826861,-100.737626,recarea
256,47.504945,-101.429224,recarea
257,47.19633,-100.28826,recarea
258,42.498275,-92.3328743,city
259,44.9497487,-93.0931028,city
260,37.469877,-105.8696,city
261,38.61194,-106.06,recarea
262,37.45828,-105.832435,recarea
263,37.62857,-105.595126,recarea
264,37.84181,-106.28002,recarea
265,37.54707,-105.72988,recarea
266,37.58262,-106.18102,recarea
267,37.148529,-104.540172,recarea
268,37.45828,-105.832436,recarea
269,37.07889,-105.756,recarea
270,41.139981,-104.820246,city
271,40.617732,-106.276923,recarea
272,40.87415,-106.22282,recarea
273,37.0841838,-94.5133385,city
274,42.5044017,-94.1910044,city
275,36.0346393,-89.3857496,city
276,41.1365122,-95.8937398,city
277,41.315,-96.12167,recarea
278,40.58526,-96.843366,recarea
279,40.626245,-96.794506,recarea
280,40.625472,-96.587407,recarea
281,40.604739,-96.64212,recarea
282,40.728873,-96.790068,recarea
283,40.771057,-96.844614,recarea
284,40.823603,-96.957485,recarea
285,40.841947,-96.86324,recarea
286,40.783183,-96.636391,recarea
287,40.97,-96.85333,recarea
288,40.82854,-96.94208,recarea
289,44.9371325,-91.3932118,city
290,37.2769484,-107.8766,city
291,37.39221,-107.57023,recarea
292,37.22383,-107.85656,recarea
293,37.65015,-108.73666,recarea
294,37.00931,-107.40727,recarea
295,37.47595,-108.88687,recarea
296,37.34942,-108.4955,recarea
297,37.58476,-108.9201,recarea
298,37.39992,-108.26143,recarea
299,44.0806041,-103.228023,city
300,44.059,-103.741,recarea
301,38.9742502,-94.6851702,city
302,40.4848003,-106.831735,city
303,40.45469,-106.91795,recarea
304,40.47664,-107.96565,recarea
305,40.11734,-106.39157,recarea
306,40.14214,-105.95279,recarea
307,39.7686055,-94.8466322,city
308,40.8088861,-96.7077751,city
309,40.517246,-99.216898,recarea
310,41.30822,-98.87373,recarea
311,38.577359,-92.1724265,city
312,42.4966815,-96.4058782,city
313,43.86669922,-95.11669922,recarea
314,40.5861322,-98.3898883,city
315,41.48795,-99.23968,recarea
316,40.066867,-99.211112,recarea
317,41.838522,-99.203207,recarea
318,41.41794,-98.76631,recarea
319,40.38269,-100.20561,recarea
320,39.80843,-99.96389,recarea
321,42.6829765,-89.0226793,city
322,38.8838856,-94.81887,city
323,39.7392364,-104.984862,city
324,44.1634663,-93.9993505,city
325,38.7902503,-90.7033292,city
326,41.2587459,-95.9383758,city
327,38.8339578,-104.825348,city
328,41.6612561,-91.5299106,city
329,39.246479,-94.419079,city
330,41.0195659,-92.4116886,city
331,39.7405111,-104.830994,city
332,39.1134562,-94.626497,city
333,41.5235808,-90.5770967,city
334,43.5909294,-96.5874544,city
335,38.8114364,-89.953157,city
336,40.699478,-99.081858,city
337,40.36448,-100.65649,recarea
338,40.14976,-101.06326,recarea
339,41.1238873,-100.7654232,city
340,42.893222,-100.476967,recarea
341,42.8772,-100.5527,recarea
342,40.43591,-101.5212,recarea
343,42.59928,-100.88844,recarea
344,42.7795273,-96.929101,city
345,36.3330154,-94.1166283,city
346,36.1867442,-94.1288142,city
347,36.6440772,-93.2169256,city
348,39.2214765,-94.5719748,city
349,41.5910323,-93.6046655,city
350,42.0283379,-97.4169964,city
351,40.5871782,-105.0770113,city
352,41.258841,-95.8519484,city
353,44.899211,-97.115289,city
354,41.5058344,-90.5136642,city
355,41.862302,-103.6627088,city
356,43.70953,-98.025379,city
357,44.03833,-99.44667,recarea
358,41.5095446,-90.5792031,city
359,41.5644476,-93.7594059,city
360,41.4338363,-96.4960449,city
361,38.5135805,-89.9841627,city
362,38.0608444,-97.9297743,city
363,41.311367,-105.591101,city
364,46.8791756,-102.7896242,city
365,45.982675,-103.244696,recarea
366,44.36308,-98.214388,city
367,36.3967623,-97.8791341,city
368,36.1563122,-95.9927516,city
369,40.266429,-96.747369,city
370,39.1836082,-96.5716694,city
371,44.311461,-96.79844,city
372,39.7085736,-105.0846694,city
373,44.3683644,-100.351136,city
374,44.451133,-100.384696,recarea
375,37.9716898,-100.8726618,city
376,41.4292988,-97.3581439,city
377,46.7729322,-92.1251218,city
378,47.42998889,-94.04975556,recarea
379,47.25105556,-93.586225,recarea
380,46.78,-92.16,recarea
381,37.169397,-104.500541,city
382,38.2544472,-104.609141,city
383,48.601033,-93.4105904,city
384,39.7082498,-91.3587413,city
385,38.7624373,-93.7409596,city
386,43.5488256,-96.7307737,city
387,39.8366528,-105.0372046,city
388,40.0149856,-105.270545,city
389,47.9252042,-97.0306741,city
390,48.0504,-98.89271,recarea
391,47.9827,-98.97877,recarea
392,48.110129,-98.867586,recarea
393,48.40313,-97.793,recarea
394,48.30034,-95.982149,recarea
395,48.299781,-95.982482,recarea
396,42.5006243,-90.6647985,city
397,40.6938609,-89.5891008,city
398,40.9475652,-90.3712169,city
399,44.5263107,-109.056392,city
400,41.9758872,-91.6704053,city
401,38.9107156,-94.3821295,city
402,40.7788486,-99.7414869,city
403,39.1911128,-106.82356,city
404,40.3977612,-105.07498,city
405,42.2713945,-89.093966,city
406,38.4040054,-96.181623,city
407,48.23251,-101.296273,city
408,48.669121,-102.097279,recarea
409,48.61736,-100.728555,recarea
410,48.45982,-101.5687,recarea
411,37.9509324,-91.7708076,city
412,41.7320796,-93.605092,city
413,40.1948848,-92.5833939,city
414,41.5253792,-90.5098639,city
415,38.8108097,-94.5313502,city
416,39.049011,-95.677556,city
417,37.7274692,-89.216655,city
418,36.3728538,-94.2088172,city
419,38.783855,-90.481677,city
420,36.7291152,-108.205445,city
421,35.8272257,-90.6949871,city
422,36.4072377,-105.573284,city
423,40.6255415,-103.207709,city
424,43.074761,-89.3837613,city
425,39.017316,-94.282265,city
426,40.924271,-98.338685,city
427,38.9719384,-95.2359496,city
428,44.9772995,-93.2654692,city
429,44.797194,-106.956179,city
430,30.6913462,-88.0437509,city
431,30.321699,-89.937221,recarea
432,30.478327,-89.796592,recarea
433,25.6792695,-80.3172743,city
434,26.497497,-80.216602,recarea
435,27.03668,-80.111941,recarea
436,26.948,-80.086,recarea
437,26.052233,-81.700669,recarea
438,25.191763,-80.356482,recarea
439,25.88330078,-81.53530121,recarea
440,26.187058,-81.349836,recarea
441,26.7642,-80.92572,recarea
442,27.937801,-82.2859247,city
443,28.714603,-82.577276,recarea
444,26.79745,-82.171287,recarea
445,29.107194,-81.355791,recarea
446,28.884421,-82.592788,recarea
447,28.641467,-80.735842,recarea
448,26.65970039,-82.19419861,recarea
449,27.809284,-81.484641,recarea
450,27.54999924,-82.73329926,recarea
451,27.67469978,-82.67469788,recarea
452,27.4467056,-80.3256056,city
453,27.8752,-80.4554,recarea
454,27.80439949,-80.42559814,recarea
455,30.3321838,-81.655651,city
456,29.670398,-81.214116,recarea
457,28.8117345,-81.2680223,city
458,28.55830002,-80.88330078,recarea
459,28.5551912,-81.7669488,city
460,29.100427,-83.070288,recarea
461,29.372574,-83.044111,recarea
462,28.810823,-81.8778582,city
463,28.106471,-80.6371513,city
464,25.7929198,-80.1353006,city
465,26.3100794,-80.23727,city
466,26.3586885,-80.0830984,city
467,31.2237285,-85.3934375,city
468,30.151541,-84.147329,recarea
469,30.704492,-84.863755,recarea
470,30.4380832,-84.2809332,city
471,29.716667,-84.883333,recarea
472,25.8575963,-80.2781057,city
473,26.640628,-81.8723084,city
474,26.445509,-82.112371,recarea
475,26.445464,-82.112409,recarea
476,30.3674198,-89.0928155,city
477,29.998994,-90.423226,recarea
478,31.5782062,-84.1556809,city
479,32.5102427,-92.1032411,city
480,31.541476,-92.572912,recarea
481,31.485129,-92.683944,recarea
482,31.582549,-91.601956,recarea
483,32.604866,-92.050316,recarea
484,31.576484,-92.009559,recarea
485,32.625,-92.20829773,recarea
486,32.641683,-92.191953,recarea
487,32.704386,-93.513845,recarea
488,32.168693,-92.107897,recarea
489,31.482598,-91.862528,recarea
490,32.706849,-93.917686,recarea
491,32.320296,-93.669957,recarea
492,33.29936,-92.480326,recarea
493,33.053725,-92.124467,recarea
494,32.25,-91.33329773,recarea
495,32.91669846,-92.11109924,recarea
496,32.681,-92.2024,recarea
497,31.348275,-91.424026,recarea
498,32.5135356,-93.7477839,city
499,27.044224,-82.2359254,city
500,26.318342,-80.0996306,city
501,30.4494155,-91.1869659,city
502,30.5473,-91.9465,recarea
503,31.0037,-91.6733,recarea
504,30.00368,-92.781279,recarea
505,31.109388,-92.137944,recarea
506,29.560575,-90.778643,recarea
507,29.42440033,-91.85359955,recarea
508,29.784861,-91.521264,recarea
509,24.5548262,-81.8020722,city
510,24.690496,-81.381503,recarea
511,24.695521,-81.370772,recarea
512,24.6317,-81.55229,recarea
513,28.678013,-81.511398,city
514,27.3365805,-82.5308545,city
515,28.2918995,-81.4075838,city
516,26.1223084,-80.1433786,city
517,26.9761707,-82.0906448,city
518,31.3119463,-92.4453558,city
519,29.973907,-93.089569,recarea
520,27.2939333,-80.3503283,city
521,26.1421976,-81.7942944,city
522,27.8963791,-81.8431567,city
523,26.784343,-80.0650293,city
524,31.3271189,-89.2903392,city
525,27.4989278,-82.5748194,city
526,29.6519684,-82.3249846,city
527,27.7700475,-82.6359078,city
528,26.271192,-80.2706044,city
529,31.1499528,-81.4914894,city
530,26.0112014,-80.1494901,city
531,26.2378597,-80.1247667,city
532,29.5541432,-81.2207673,city
533,28.5656649,-81.5856742,city
534,29.1871986,-82.1400923,city
535,29.9759983,-90.0782127,city
536,30.1586518,-85.6602936,city
537,26.5625742,-81.9438802,city
538,32.2998686,-90.1830408,city
539,25.4718946,-80.4759905,city
540,25.7741728,-80.19362,city
541,30.4007626,-88.8893818,city
542,26.1003392,-80.399513,city
543,27.9477595,-82.458444,city
544,26.0061943,-80.2872086,city
545,30.8327022,-83.2784851,city
546,29.2108147,-81.0228331,city
547,27.9658533,-82.8001026,city
548,25.9873137,-80.2322706,city
549,28.0394654,-81.9498042,city
550,27.9946969,-80.6366144,city
551,26.1666888,-80.2787573,city
552,28.5421109,-81.3790304,city
553,29.0258132,-80.9271271,city
554,29.8716577,-93.9332302,city
555,29.889527,-93.40325,recarea
556,26.715364,-80.0532942,city
557,30.2262187,-92.0178202,city
558,30.2305095,-93.2169807,city
559,37.0300969,-76.3452057,city
560,37.135851,-75.960534,recarea
561,37.13330078,-76.32689667,recarea
562,37.375,-77.25,recarea
563,37.3879256,-76.7260199,recarea
564,36.73255,-75.98488,recarea
565,37.337697,-77.191636,recarea
566,36.723055,-76.248729,recarea
567,37.9351,-75.4588,recarea
568,37.042007,-76.4882,recarea
569,36.619397,-76.559877,recarea
570,38.0,-76.875,recarea
571,35.930473,-75.711653,recarea
572,36.527615,-75.949997,recarea
573,36.51777,-75.928341,recarea
574,38.980666,-76.9369189,city
575,38.633,-77.1666,recarea
576,38.676615,-77.264388,recarea
577,38.648966,-77.243671,recarea
578,38.66755,-77.20282,recarea
579,39.891589,-75.257293,recarea
580,38.4698,-77.2687,recarea
581,38.446523,-76.106097,recarea
582,39.021861,-76.229605,recarea
583,39.05,-76.78,recarea
584,39.640198,-75.787768,recarea
585,38.985467,-76.503597,recarea
586,38.4,-76.454,recarea
587,39.259815,-75.473126,recarea
588,38.84999847,-75.26670074,recarea
589,39.117292,-75.496116,recarea
590,39.6023,-75.4987,recarea
591,42.0897965,-76.8077338,city
592,41.521884,-75.525923,recarea
593,41.987571,-77.174245,recarea
594,41.047168,-77.608283,recarea
595,41.3599994,-77.928777,recarea
596,41.903682,-77.147146,recarea
597,41.587865,-75.326712,recarea
598,39.1399187,-77.1929215,city
599,36.2139814,-83.2948923,city
600,37.125,-82.63167,recarea
601,35.611999,-82.568855,recarea
602,35.180464,-84.861639,recarea
603,36.957115,-84.266936,recarea
604,36.750982,-83.257,recarea
605,38.8051095,-77.0470229,city
606,36.0103562,-84.2696449,city
607,36.10167,-85.82,recarea
608,36.290008,-85.940747,recarea
609,36.53932,-85.451332,recarea
610,37.02,-84.627778,recarea
611,40.7127281,-74.0060152,city
612,40.846546,-75.644644,recarea
613,40.3797,-76.02872,recarea
614,41.11018,-75.71925,recarea
615,39.463855,-74.449351,recarea
616,40.719296,-74.525859,recarea
617,39.46386,-74.450623,recarea
618,40.704429,-74.496528,recarea
619,41.2174,-74.6091,recarea
620,39.601109,-74.344657,recarea
621,40.7307,-74.1787,recarea
622,36.0726355,-79.7919754,city
623,37.332,-79.987,recarea
624,36.781164,-80.023695,recarea
625,36.597462,-78.295855,recarea
626,35.08330154,-80.05000305,recarea
627,35.653636,-79.072489,recarea
628,35.941843,-78.582571,recarea
629,36.15,-81.23333,recarea
630,36.2956836,-76.2247697,city
631,35.45196,-76.174606,recarea
632,35.70830154,-75.5,recarea
633,42.098698,-75.9125187,city
634,39.3995067,-84.5613428,city
635,40.17683,-82.957525,recarea
636,38.789431,-84.170429,recarea
637,39.620281,-83.213713,recarea
638,40.358659,-83.071373,recarea
639,39.251138,-83.351459,recarea
640,39.49025,-84.058414,recarea
641,39.95,-83.74667,recarea
642,38.95363,-84.085687,recarea
643,39.260398,-84.49534,recarea
644,37.993583,-84.214053,recarea
645,38.77667,-84.965,recarea
646,38.275039,-85.761979,recarea
647,38.21,-84.87167,recarea
648,35.4094178,-80.5800049,city
649,34.07326,-81.124,recarea
650,34.503984,-80.22502,recarea
651,39.9622601,-83.0007065,city
652,39.391153,-81.420632,recarea
653,38.68187,-82.185425,recarea
654,38.918005,-81.913301,recarea
655,40.151377,-80.706506,recarea
656,39.418,-82.299,recarea
657,41.3834,-82.5149,recarea
658,39.118163,-81.743562,recarea
659,39.99167,-82.08,recarea
660,40.50742,-82.585382,recarea
661,39.54167,-82.05833,recarea
662,39.355021,-81.339918,recarea
663,40.157293,-81.84903,recarea
664,40.35167,-82.09,recarea
665,40.527126,-81.286245,recarea
666,40.65833,-81.43,recarea
667,40.741658,-82.364764,recarea
668,40.267969,-81.277485,recarea
669,40.562473,-81.41363,recarea
670,40.725,-82.15333,recarea
671,40.19,-81.21333,recarea
672,40.604926,-82.319932,recarea
673,39.9269,-81.446545,recarea
674,40.35833,-81.22667,recarea
675,40.634911,-81.557657,recarea
676,40.466762,-81.193541,recarea
677,38.647038,-82.862493,recarea
678,40.7092836,-73.6230362,city
679,35.2272086,-80.8430827,city
680,40.7944504,-77.8616386,city
681,40.96,-78.52333,recarea
682,40.43333,-78.0,recarea
683,40.467127,-79.367528,recarea
684,40.715,-79.51,recarea
685,41.560481,-78.596284,recarea
686,40.239585,-79.449224,recarea
687,40.922934,-79.279703,recarea
688,41.475417,-79.444567,recarea
689,35.0525759,-78.878292,city
690,34.624727,-78.575626,recarea
691,40.6022059,-75.4712794,city
692,41.4086874,-75.6621294,city
693,33.9597677,-83.376398,city
694,33.661667,-82.197222,recarea
695,38.4733823,-77.9961275,city
696,37.531773,-78.271589,recarea
697,39.2156213,-76.8582049,city
698,40.0455918,-86.0085955,city
699,39.3642852,-74.4229351,city
700,39.099705,-74.87959,recarea
701,40.2203074,-74.7659,city
702,34.2576067,-88.7033859,city
703,35.49865,-89.261065,recarea
704,40.75839,-82.5154471,city
705,41.265,-80.46333,recarea
706,41.607571,-83.209518,recarea
707,41.61669922,-83.21669769,recarea
708,41.045537,-80.999442,recarea
709,41.74969864,-83.10970306,recarea
710,41.3,-80.75833,recarea
711,41.154903,-81.076824,recarea
712,38.3505995,-81.6332812,city
713,38.52808,-81.914617,recarea
714,38.252824,-81.556266,recarea
715,38.191804,-81.371416,recarea
716,38.305273,-82.413476,recarea
717,37.641393,-80.883323,recarea
718,38.84543,-80.617343,recarea
719,38.144291,-82.381738,recarea
720,37.59507,-81.825447,recarea
721,38.219123,-80.895407,recarea
722,38.660999,-80.695347,recarea
723,39.003368,-80.474017,recarea
724,39.657246,-80.861198,recarea
725,38.25333,-82.985,recarea
726,38.11833,-83.53333,recarea
727,38.125994,-82.698287,recarea
728,37.835822,-82.870257,recarea
729,37.73667,-82.73,recarea
730,38.366027,-75.6009964,city
731,37.908589,-75.356399,recarea
732,37.7742152,-87.1133304,city
733,36.15923,-86.615004,recarea
734,36.294481,-86.612013,recarea
735,37.533745,-87.265172,recarea
736,36.879596,-88.344601,recarea
737,37.277066,-86.246802,recarea
738,37.620713,-86.498541,recarea
739,36.89667,-86.125,recarea
740,37.02167,-88.22,recarea
741,40.1053196,-85.6802541,city
742,33.4709714,-81.9748429,city
743,35.4798757,-79.1802994,city
744,36.8448348,-76.2863999,city
745,39.6136987,-86.1095429,city
746,38.000845,-85.30813,recarea
747,39.9375112,-77.6612586,city
748,39.48022,-79.07167,recarea
749,39.798231,-79.369875,recarea
750,39.9624588,-76.7277218,city
751,38.2542376,-85.759407,city
752,37.245854,-85.341667,recarea
753,41.1513108,-81.3578047,city
754,41.626708,-79.959841,recarea
755,41.920374,-79.899743,recarea
756,41.696894,-80.105879,recarea
757,40.527413,-80.620022,recarea
758,42.0965167,-79.2380322,city
759,41.837466,-79.004635,recarea
760,39.1154506,-77.5645607,city
761,40.6639916,-74.2107006,city
762,39.9526791,-74.1968257,city
763,38.925927,-79.8466552,city
764,38.553999,-79.896347,recarea
765,39.045255,-79.446798,recarea
766,39.56333,-80.05,recarea
767,39.314226,-80.031656,recarea
768,40.0581205,-82.4012643,city
769,35.862193,-89.560082,recarea
770,36.493447,-87.794702,recarea
771,36.035111,-89.387994,recarea
772,35.61108,-89.885293,recarea
773,35.9985069,-89.4060833,recarea
774,37.2698395,-81.2223195,city
775,37.23333,-82.345,recarea
776,37.43167,-82.41667,recarea
777,39.7683331,-86.1583502,city
778,35.9556924,-80.0053176,city
779,33.4918203,-80.8556476,city
780,32.664984,-80.393629,recarea
781,32.975035,-79.669316,recarea
782,32.974691,-79.668322,recarea
783,33.51250076,-80.27690125,recarea
784,32.647469,-80.376719,recarea
785,33.363844,-79.226539,recarea
786,32.0476435,-80.9278729,recarea
787,39.8005316,-76.9832568,city
788,40.7985464,-81.3749508,city
789,34.7370639,-82.2542834,city
790,33.9528472,-84.5496148,city
791,38.3031837,-77.4605399,city
792,33.883887,-84.5147454,city
793,32.7884363,-79.9399309,city
794,33.6332122,-79.1399193,recarea
795,40.0639616,-80.7209149,city
796,34.9381361,-82.2272119,city
797,34.1984435,-79.7671658,city
798,36.9775016,-76.42977,city
799,35.7882893,-78.7812081,city
800,34.9854275,-80.5495112,city
801,39.4018513,-76.6023803,city
802,40.9999202,-80.3471856,city
803,36.550238,-82.5594293,city
804,37.221416,-83.056842,recarea
805,34.9248667,-81.0250784,city
806,42.2465036,-84.4016963,city
807,40.4862174,-74.4518173,city
808,35.1595182,-84.8766115,city
809,41.4996574,-81.6936772,city
810,37.12824,-76.3702817,city
811,42.3167397,-83.0373389,city
812,39.7589478,-84.1916069,city
813,40.3267407,-78.9219698,city
814,35.2622654,-81.1838186,city
815,38.4784144,-82.6379387,city
816,34.9498007,-81.9320157,city
817,39.3289242,-82.1012479,city
818,38.4192496,-82.445154,city
819,36.1623886,-85.4997057,city
820,36.31843,-87.225022,recarea
821,40.9125085,-73.8386504,city
822,39.1648,-76.6249437,city
823,39.3331197,-82.9824019,city
824,39.0817985,-77.1516844,city
825,38.9583737,-77.3579805,city
826,36.8320081,-76.297699,city
827,36.0998131,-80.2440518,city
828,41.0339862,-73.7629097,city
829,41.2464824,-75.8817316,city
830,37.293198,-80.0556773,city
831,37.954627,-79.953215,recarea
832,33.6956461,-78.8900409,city
833,37.693952,-85.8591285,city
834,37.7781702,-81.1881557,city
835,40.0978929,-74.2176435,city
836,34.851354,-82.3984882,city
837,39.9401426,-82.005019,city
838,41.3673191,-82.1073583,city
839,37.7478572,-84.2946539,city
840,37.340648,-83.470683,recarea
841,38.4493315,-78.8688833,city
842,40.7399785,-84.105006,city
843,37.2708788,-76.7074042,city
844,40.03813,-76.3056686,city
845,38.9959461,-77.0276231,city
846,33.7489924,-84.3902644,city
847,39.7459468,-75.546589,city
848,42.4894801,-83.1446485,city
849,39.2574114,-76.5236745,city
850,34.0128323,-86.0030251,city
851,42.3222599,-83.1763145,city
852,35.996653,-78.9018053,city
853,41.2367955,-80.8190423,city
854,35.925206,-86.8689419,city
855,39.6828358,-75.7515682,city
856,40.735657,-74.1723667,city
857,41.2493292,-77.0027671,city
858,42.4932575,-83.0062746,city
859,36.5959685,-82.1885009,city
860,38.6263882,-76.9106581,city
861,35.6144446,-88.8177418,city
862,39.9784186,-86.1283681,city
863,35.3848841,-77.9927651,city
864,34.717797,-76.672975,recarea
865,40.9312099,-73.8987469,city
866,37.0833893,-88.6000478,city
867,35.8460396,-86.3921096,city
868,43.7508284,-87.71453,city
869,43.7383,-87.75485,recarea
870,43.569804,-88.608747,recarea
871,43.507603,-89.520923,recarea
872,44.801632,-87.322227,recarea
873,40.672676,-89.502945,recarea
874,44.7606481,-85.6165976,city
875,44.232546,-85.395116,recarea
876,45.87754,-84.831527,recarea
877,42.48059,-83.4754913,city
878,42.10713,-83.159611,recarea
879,43.34999847,-84.0,recarea
880,42.764446,-84.505261,recarea
881,38.959178,-85.798529,recarea
882,39.439303,-85.000129,recarea
883,38.832924,-85.416089,recarea
884,42.6583661,-83.1499322,city
885,32.8406946,-83.6324022,city
886,34.014,-83.813703,recarea
887,33.0981193,-83.7133554,recarea
888,33.111252,-83.678216,recarea
889,34.162461,-84.750618,recarea
890,34.16,-84.07333,recarea
891,32.91977,-85.189789,recarea
892,43.0116784,-88.2314813,city
893,40.364086,-89.998048,recarea
894,39.8432,-90.558974,recarea
895,34.460176,-82.91,recarea
896,33.948967,-82.580387,recarea
897,39.487034,-86.917786,recarea
898,40.84667,-85.47,recarea
899,39.716778,-87.071756,recarea
900,40.713925,-85.961506,recarea
901,40.807452,-85.678713,recarea
902,34.547462,-86.951192,recarea
903,34.758009,-90.125476,recarea
904,34.163727,-89.824631,recarea
905,33.80833,-89.77167,recarea
906,34.401097,-89.789875,recarea
907,33.27280045,-88.83329773,recarea
908,33.8022372,-90.1049578,recarea
909,33.77327,-89.82389,recarea
910,33.520033,-88.49206,recarea
911,38.492,-86.506,recarea
912,38.375,-87.375,recarea
913,37.895891,-86.70058,recarea
914,37.932662,-87.371181,recarea
915,38.435941,-86.703867,recarea
916,37.768303,-87.961291,recarea
917,37.72442,-88.53678,recarea
918,37.71958,-89.021164,recarea
919,37.719248,-89.021461,recarea
920,34.2978794,-83.8240663,city
921,34.613365,-84.687618,recarea
922,42.7876022,-86.1090828,city
923,40.361926,-89.845102,recarea
924,41.507731,-88.099974,recarea
925,30.252487,-87.813262,recarea
926,30.419867,-87.830308,recarea
927,30.430207,-88.427905,recarea
928,30.451209,-88.656091,recarea
929,30.430275,-88.427867,recarea
930,32.3669656,-86.3006485,city
931,32.011143,-85.090234,recarea
932,33.072418,-87.066292,recarea
933,33.37390137,-86.96330261,recarea
934,32.518588,-87.880343,recarea
935,31.628241,-85.060626,recarea
936,44.372,-89.849,recarea
937,44.485,-89.573,recarea
938,44.1405983,-90.17250061,recarea
939,44.02761841,-91.32124329,recarea
940,44.609327,-92.612103,recarea
941,44.000277,-91.437214,recarea
942,43.581177,-91.227035,recarea
943,43.86472,-91.309832,recarea
944,44.2613967,-88.4069744,city
945,42.9743821,-82.403533,city
946,41.6611642,-86.1807031,city
947,41.343766,-88.1328877,recarea
948,41.7571701,-88.3147539,city
949,38.618939,-89.352856,recarea
950,37.983296,-89.94809,recarea
951,38.036947,-88.970644,recarea
952,39.416498,-88.779661,recarea
953,37.854469,-89.727161,recarea
954,38.95000076,-90.58329773,recarea
955,31.41670036,-91.46389771,recarea
956,39.2014405,-85.9213796,city
957,33.4956744,-88.4272627,city
958,32.47547,-88.809531,recarea
959,40.2986724,-83.067965,city
960,32.6200973,-83.606568,city
961,31.036292,-83.095774,recarea
962,32.3643098,-88.703656,city
963,31.84496,-88.165946,recarea
964,32.499212,-89.602509,recarea
965,39.4667025,-87.4139119,city
966,39.8454163,-88.9524151,city
967,42.9632425,-85.6678639,city
968,34.61249924,-86.13330078,recarea
969,31.630045,-81.285686,recarea
970,30.738701,-82.140006,recarea
971,31.8967,-81.0006,recarea
972,31.454246,-81.365208,recarea
973,35.7564719,-83.9704593,city
974,40.1164841,-88.2430932,city
975,33.4111051,-91.0635857,city
976,33.704238,-90.91084,recarea
977,33.040079,-90.251682,recarea
978,33.221512,-90.199652,recarea
979,33.09170151,-90.98329926,recarea
980,39.1014537,-84.5124602,city
981,43.4200387,-83.9490365,city
982,31.26,-85.11,recarea
983,41.6529143,-83.5378173,city
984,41.4561002,-82.7115813,city
985,42.2410562,-83.613055,city
986,38.2770227,-85.7371604,city
987,38.0464066,-84.4970393,city
988,34.79981,-87.677251,city
989,34.56169891,-86.79060364,recarea
990,36.1622767,-86.7742984,city
991,37.126049,-88.648752,recarea
992,41.1035786,-80.6520161,city
993,41.865054,-80.789809,city
994,42.291707,-85.5872286,city
995,35.9603948,-83.9210261,city
996,34.7691867,-84.9702475,city
997,45.11769867,-92.60769653,recarea
998,44.856352,-92.246051,recarea
999,44.97833,-93.24667,recarea
1000,40.1117174,-88.207301,city
1001,35.0457219,-85.3094883,city
1002,44.5126379,-88.0125794,city
1003,41.0413873,-83.6503982,city
1004,41.8755616,-87.6244212,city
1005,34.729847,-86.5859011,city
1006,36.5945034,-82.1885212,city
1007,42.7260523,-87.7825242,city
1008,32.0790074,-81.0921335,city
1009,32.2497096,-80.7653763,recarea
1010,31.987158,-81.02443,recarea
1011,43.2341813,-86.2483921,city
1012,41.1362729,-81.4828123,city
1013,41.5850394,-85.8344491,city
1014,46.52391,-84.320068,city
1015,46.288784,-85.946612,recarea
1016,46.288695,-85.944638,recarea
1017,46.288663,-85.944621,recarea
1018,46.513329,-84.356871,recarea
1019,42.3192548,-85.1824269,city
1020,33.2095614,-87.5675258,city
1021,39.6847822,-83.9296526,city
1022,40.4002396,-80.5899788,city
1023,41.5263603,-88.0840212,city
1024,30.421309,-87.2169149,city
1025,41.4673238,-82.1781904,city
1026,32.4610708,-84.9880449,city
1027,33.5616173,-81.7224579,city
1028,38.2009055,-84.8732836,city
1029,42.2813722,-83.7484616,city
1030,40.4191229,-86.8919011,city
1031,44.0206919,-88.5408574,city
1032,46.2463,-90.8667,recarea
1033,47.87583,-92.30026,recarea
1034,47.15,-92.28333,recarea
1035,46.5929,-90.9617,recarea
1036,41.8994745,-87.9403418,city
1037,41.6833813,-86.2500066,city
1038,42.6389216,-83.2910468,city
1039,35.1460249,-90.0517638,city
1040,41.083064,-81.518485,city
1041,42.4057219,-82.1853837,city
1042,43.7748763,-88.4458033,city
1043,41.6020962,-87.3370646,city
1044,41.4672552,-87.0604487,city
1045,33.9566391,-83.9890066,city
1046,44.5229223,-89.574111,city
1047,42.7320307,-84.4721678,city
1048,37.291633,-89.125688,recarea
1049,37.164184,-88.435313,recarea
1050,37.203183,-89.042206,recarea
1051,33.5206824,-86.8024326,city
1052,41.7728699,-88.1479278,city
1053,42.3636331,-87.8447938,city
1054,42.9132581,-85.7057035,city
1055,42.0470043,-87.6846053,city
1056,39.516644,-84.4041725,city
1057,40.4864444,-86.1336351,city
1058,41.7075394,-86.8950297,city
1059,39.2667309,-81.5620755,city
1060,34.02332,-84.360022,city
1061,32.6098566,-85.4807825,city
1062,39.9234046,-83.810138,city
1063,42.5803122,-83.0302033,city
1064,36.8657651,-87.4889532,city
1065,40.1936892,-85.3865271,city
1066,34.9873822,-90.0034862,city
1067,36.3134398,-82.3534728,city
1068,33.9242688,-84.3785379,city
1069,43.6155825,-84.2472117,city
1070,43.0161693,-83.6900211,city
1071,42.03726,-88.2810994,city
1072,36.9903199,-86.4436018,city
1073,39.9555928,-86.0138729,city
1074,42.9760854,-82.4333742,city
1075,34.257038,-85.1646726,city
1076,37.970495,-87.5715641,city
1077,42.3315509,-83.0466403,city
1078,44.9596017,-89.6298239,city
1079,41.0799898,-85.1386015,city
1080,39.8286897,-84.8898521,city
1081,39.1670396,-86.5342881,city
1082,37.4792672,-82.5187629,city
1083,41.6819935,-85.9766671,city
1084,33.4943487,-81.9705909,city
1085,46.5434914,-87.396433,city
1086,46.4503,-89.257,recarea
1087,42.5846773,-87.8212263,city
1088,43.0349931,-87.922497,city
1089,34.5068601,-82.6506264,city
1090,36.5277607,-87.3588703,city
1091,34.1954001,-82.1617883,city
1092,42.7337712,-84.5553805,city
1093,34.0181557,-84.190196,city
1094,35.6148165,-87.0338464,city
1095,42.6055893,-83.1499304,city
1096,33.8322043,-118.2517547,city
1097,35.30144,-118.0006,recarea
1098,34.41813,-119.33682,recarea
1099,34.62250833,-117.5426389,recarea
1100,34.343152,-117.236291,recarea
1101,33.67222,-116.408402,recarea
1102,34.061395,-116.625471,recarea
1103,34.250687,-119.224895,recarea
1104,33.915356,-117.8427,recarea
1105,34.57725,-119.978233,recarea
1106,35.312571,-118.050022,recarea
1107,34.030065,-118.056552,recarea
1108,32.574819,-117.125756,recarea
1109,33.892008,-117.9225558,recarea
1110,32.574657,-117.125443,recarea
1111,33.89,-117.64333,recarea
1112,34.051584,-116.570056,recarea
1113,33.741076,-118.073899,recarea
1114,34.17125,-118.476248,recarea
1115,33.89833,-117.88333,recarea
1116,34.2578,-118.389249,recarea
1117,32.600862,-117.102893,recarea
1118,34.08989,-117.262251,recarea
1119,34.148074,-118.033762,recarea
1120,33.9824949,-117.374238,city
1121,35.01041389,-117.2927528,recarea
1122,35.36725,-117.61927,recarea
1123,32.8322,-116.6469,recarea
1124,33.550182,-116.218633,recarea
1125,34.06778,-116.62791,recarea
1126,34.67218,-116.99037,recarea
1127,33.46648,-115.84746,recarea
1128,35.06837,-116.40963,recarea
1129,34.51764167,-116.7532,recarea
1130,33.61626,-115.979739,recarea
1131,33.62962,-116.27744,recarea
1132,33.7690164,-118.191604,city
1133,36.06523,-119.0167679,city
1134,37.0859,-119.5518,recarea
1135,36.146346,-120.555588,recarea
1136,35.84506,-119.4975,recarea
1137,36.06752432,-120.4486472,recarea
1138,36.623491,-120.654241,recarea
1139,35.127447,-119.534361,recarea
1140,35.924999,-119.383301,recarea
1141,37.35003,-119.7454,recarea
1142,36.99257,-119.69901,recarea
1143,37.11,-119.88333,recarea
1144,35.74703,-119.17419,recarea
1145,36.78632,-120.79893,recarea
1146,35.760288,-119.580839,recarea
1147,37.09173,-119.54726,recarea
1148,36.417015,-119.003605,recarea
1149,36.829986,-119.325558,recarea
1150,36.05833,-118.91833,recarea
1151,37.215439,-119.987536,recarea
1152,34.1033192,-117.575173,city
1153,36.2005843,-115.121584,city
1154,35.668238,-115.737946,recarea
1155,34.593269,-114.636324,recarea
1156,34.760943,-114.577271,recarea
1157,34.969658,-114.830735,recarea
1158,35.784108,-116.341118,recarea
1159,34.835174,-114.888953,recarea
1160,35.07,-116.278,recarea
1161,34.837018,-114.620287,recarea
1162,36.352739,-116.521036,recarea
1163,35.882863,-116.361369,recarea
1164,34.764122,-115.267731,recarea
1165,34.836088,-114.621046,recarea
1166,35.682038,-115.666834,recarea
1167,36.710466,-114.710996,recarea
1168,36.0160918,-114.7380381,recarea
1169,35.9163,-115.1256,recarea
1170,36.731763,-114.218437,recarea
1171,36.42043,-116.329872,recarea
1172,37.26852,-115.120912,recarea
1173,36.89028,-116.82615,recarea
1174,36.438432,-115.358564,recarea
1175,36.615487,-114.232461,recarea
1176,35.561084,-115.387094,recarea
1177,37.46388,-115.1928,recarea
1178,36.1355,-115.4279,recarea
1179,35.204457,-114.096861,recarea
1180,36.951117,-113.79346,recarea
1181,35.1391,-114.1077,recarea
1182,37.3541132,-121.955174,city
1183,36.562976,-120.835202,recarea
1184,36.366659,-120.829371,recarea
1185,38.04195,-122.788884,recarea
1186,37.805434,-122.467088,recarea
1187,36.712277,-120.862779,recarea
1188,38.375612,-121.49907,recarea
1189,36.8334767,-122.0038782,recarea
1190,36.358914,-120.786335,recarea
1191,38.140338,-122.463694,recarea
1192,36.738754,-121.799864,recarea
1193,37.8399995,-122.475493,recarea
1194,36.60335,-121.895006,recarea
1195,36.82716,-121.44218,recarea
1196,38.49248,-122.02917,recarea
1197,36.99334,-120.9414,recarea
1198,37.638145,-121.20976,recarea
1199,37.05938,-121.05349,recarea
1200,38.152311,-120.815532,recarea
1201,38.51173,-122.10276,recarea
1202,37.175525,-120.802488,recarea
1203,36.935452,-121.935452,recarea
1204,36.66805556,-121.80694444,recarea
1205,38.210108,-122.019803,recarea
1206,37.779158,-120.843304,recarea
1207,37.531532,-122.073329,recarea
1208,37.181149,-120.795625,recarea
1209,38.63207,-121.22377,recarea
1210,37.97053,-121.8236,recarea
1211,38.63315,-121.22021,recarea
1212,38.63327,-121.21938,recarea
1213,38.04583,-120.5259,recarea
1214,37.03218,-121.06637,recarea
1215,38.718658,-122.99936,recarea
1216,36.816914,-121.730672,recarea
1217,38.2493581,-122.039966,city
1218,39.338755,-120.9717,recarea
1219,39.745906,-121.97706,recarea
1220,38.70163,-121.14659,recarea
1221,39.12863,-120.80028,recarea
1222,39.247393,-122.121265,recarea
1223,39.429824,-122.186178,recarea
1224,38.826411,-120.989127,recarea
1225,38.7597222222,-122.754166667,recarea
1226,39.33391,-122.49133,recarea
1227,38.70519,-121.16976,recarea
1228,39.0667,-121.75,recarea
1229,39.239194,-121.264868,recarea
1230,39.186723,-122.043411,recarea
1231,39.1988,-123.1833,recarea
1232,39.1175467,-122.5823878,recarea
1233,38.174035,-122.397364,recarea
1234,39.59279,-122.5241,recarea
1235,38.71992,-120.57431,recarea
1236,33.3527632,-111.789037,city
1237,33.076051,-113.009484,recarea
1238,33.65165,-114.2169,recarea
1239,32.222005,-110.975466,recarea
1240,33.86337,-112.32155,recarea
1241,33.060375,-110.72265,recarea
1242,33.63307,-111.87832,recarea
1243,33.93751,-112.0844,recarea
1244,33.146635,-110.620679,recarea
1245,32.386465,-112.872817,recarea
1246,33.121492,-110.975343,recarea
1247,32.2463,-111.1677,recarea
1248,33.682062,-112.082769,recarea
1249,32.72025,-110.64403,recarea
1250,34.2335,-112.0989,recarea
1251,34.659,-112.2863,recarea
1252,34.4775296,-114.3379972,city
1253,34.082105,-115.130175,recarea
1254,34.560312,-115.774688,recarea
1255,34.166082,-114.371625,recarea
1256,34.445559,-114.476024,recarea
1257,34.595995,-114.536467,recarea
1258,34.562527,-115.522579,recarea
1259,34.994271,-114.743123,recarea
1260,34.544837,-115.790605,recarea
1261,33.7296,-114.661,recarea
1262,33.577523,-113.964072,recarea
1263,34.26105,-114.16863,recarea
1264,34.291341,-114.10437,recarea
1265,34.221826,-114.206527,recarea
1266,34.53605,-113.45188,recarea
1267,35.43648,-114.15988,recarea
1268,34.30953,-114.12902,recarea
1269,33.79963,-114.53018,recarea
1270,34.07278,-113.888154,recarea
1271,32.9628234,-117.035864,city
1272,32.59489,-116.838554,recarea
1273,32.666412,-116.00414,recarea
1274,32.69147,-116.965021,recarea
1275,32.70812222,-115.1271,recarea
1276,32.76734444,-115.2703056,recarea
1277,33.4942189,-111.926018,city
1278,34.2542084,-110.029832,city
1279,33.99601,-109.7511,recarea
1280,35.2,-111.45,recarea
1281,34.140793,-109.286499,recarea
1282,33.9092802,-118.0849169,city
1283,33.8347516,-117.911732,city
1284,37.0065078,-121.5631723,city
1285,36.293463,-120.68231,recarea
1286,32.7174202,-117.162772,city
1287,37.104153,-113.584131,city
1288,36.82536,-113.57082,recarea
1289,34.1476507,-118.144155,city
1290,33.6633386,-117.903317,city
1291,34.0922947,-117.43433,city
1292,37.4863239,-122.232523,city
1293,38.4404925,-122.7141049,city
1294,39.061288,-123.056391,recarea
1295,39.1517276,-123.0748047,recarea
1296,39.437031,-123.257708,recarea
1297,38.8337697,-122.3683111,recarea
1298,35.1987522,-111.651822,city
1299,35.24145,-112.192238,recarea
1300,37.3228934,-122.0322895,city
1301,38.1343744,-121.2735432,city
1302,38.79536,-120.25346,recarea
1303,34.4221319,-119.702667,city
1304,34.9029,-120.6705,recarea
1305,37.5629997,-122.3253265,city
1306,36.0301134,-114.9826194,city
1307,37.4946568,-120.8465941,city
1308,35.1477774,-114.568298,city
1309,34.319229,-114.593835,recarea
1310,33.9463456,-118.200981,city
1311,36.3274502,-119.6456844,city
1312,36.000768,-120.571618,recarea
1313,37.292851,-119.175798,recarea
1314,40.972415,-117.7347619,city
1315,39.522168,-119.719669,recarea
1316,39.37501,-119.20349,recarea
1317,40.46966,-118.30688,recarea
1318,40.93152,-117.67752,recarea
1319,39.522684,-118.530929,recarea
1320,39.404064,-118.637173,recarea
1321,40.3122483,-117.0725053,recarea
1322,37.7792588,-122.4193286,city
1323,35.189443,-114.0530065,city
1324,37.9357576,-122.347748,city
1325,39.6075249,-119.2508406,city
1326,38.74007,-119.77785,recarea
1327,39.39103,-120.09228,recarea
1328,40.46162,-120.578816,recarea
1329,40.338665,-120.457972,recarea
1330,40.420817,-120.525515,recarea
1331,39.327566,-120.114545,recarea
1332,39.936,-120.947,recarea
1333,39.4676,-120.10202,recarea
1334,40.058397,-120.095771,recarea
1335,40.410345,-120.636609,recarea
1336,38.9321,-119.9729,recarea
1337,39.281421,-119.73932,recarea
1338,38.810202,-119.227395,recarea
1339,40.748015,-119.286522,recarea
1340,39.2385,-119.58944,recarea
1341,38.691375,-118.771722,recarea
1342,38.5225,-119.482,recarea
1343,35.3738712,-119.019463,city
1344,35.2711,-119.8271,recarea
1345,35.1541,-119.8656,recarea
1346,35.82482778,-118.0986639,recarea
1347,35.1898,-119.8632,recarea
1348,35.2395,-119.9078,recarea
1349,35.2416,-119.9025,recarea
1350,35.058,-119.6079,recarea
1351,33.8752945,-117.566444,city
1352,34.0553813,-117.7517496,city
1353,37.6820583,-121.768053,city
1354,34.0751571,-118.036849,city
1355,33.4946353,-117.147366,city
1356,33.444664,-116.720673,recarea
1357,39.5261206,-119.8126581,city
1358,40.431136,-120.272991,recarea
1359,40.3873,-120.108869,recarea
1360,40.53818,-120.510963,recarea
1361,39.43,-120.578,recarea
1362,36.6744117,-121.655037,city
1363,36.20552,-121.55183,recarea
1364,40.83269,-115.7630942,city
1365,40.688304,-115.793433,recarea
1366,41.935143,-114.691693,recarea
1367,40.20196,-115.493083,recarea
1368,36.9743626,-122.0294673,city
1369,37.6688205,-122.080796,city
1370,33.1580933,-117.3505966,city
1371,37.5482697,-121.988571,city
1372,37.4332273,-121.8989248,city
1373,38.5435526,-121.739005,city
1374,40.272784,-122.196902,recarea
1375,34.1812089,-118.307201,city
1376,31.3330151,-109.5594265,city
1377,31.603,-109.223,recarea
1378,31.34519639,-109.2579807,recarea
1379,31.50894,-109.65125,recarea
1380,32.10152,-109.05505,recarea
1381,32.83243,-109.7247,recarea
1382,31.3285057,-110.9450472,city
1383,31.57198,-111.505798,recarea
1384,32.010367,-111.478675,recarea
1385,31.791839,-111.577631,recarea
1386,33.8708215,-117.929416,city
1387,32.2228765,-110.974847,city
1388,32.841624,-109.422658,recarea
1389,37.9747795,-122.5316686,city
1390,41.7538193,-124.1966461,city
1391,40.5634,-124.3498,recarea
1392,40.685854,-124.206173,recarea
1393,42.311178,-123.714518,recarea
1394,40.7629,-124.226,recarea
1395,39.7284945,-121.8374777,city
1396,40.63598,-122.422047,recarea
1397,40.71286,-122.40668,recarea
1398,39.81833,-122.33667,recarea
1399,40.71738,-122.80172,recarea
1400,40.72754,-122.80319,recarea
1401,36.1672559,-115.148516,city
1402,37.4443293,-122.1598465,city
1403,33.4151005,-111.831455,city
1404,38.2325829,-122.636465,city
1405,32.7947731,-116.962526,city
1406,32.74273889,-114.7554806,recarea
1407,33.177313,-115.615297,recarea
1408,34.0686208,-117.9389526,city
1409,34.11333,-117.96833,recarea
1410,37.6904826,-122.47267,city
1411,34.1976308,-119.180381,city
1412,32.792,-115.563051,city
1413,32.88098889,-114.8326111,recarea
1414,33.000171,-114.488685,recarea
1415,32.678373,-114.473356,recarea
1416,32.67819,-114.47322,recarea
1417,32.81981,-114.47003,recarea
1418,32.82003,-114.48738,recarea
1419,33.363447,-114.669426,recarea
1420,32.4517957,-114.7652542,city
1421,32.8772834,-111.7536818,city
1422,32.769167,-112.142317,recarea
1423,32.716428,-112.159573,recarea
1424,34.9531295,-120.435857,city
1425,35.333312,-120.498788,recarea
1426,34.0194704,-118.491227,city
1427,33.8246269,-116.540303,city
1428,36.9148305,-111.457294,city
1429,36.93811,-111.49406,recarea
1430,36.93997,-111.49493,recarea
1431,34.1469416,-118.2478471,city
1432,34.0536909,-118.242766,city
1433,34.4127963,-118.5538088,city
1434,39.1404477,-121.6169108,city
1435,38.7521235,-121.2880059,city
1436,31.5545973,-110.2997756,city
1437,33.8371392,-118.3413606,city
1438,37.7385507,-121.4201395,city
1439,39.2480588,-114.891718,city
1440,39.33653,-115.38958,recarea
1441,39.44868,-116.73785,recarea
1442,39.01438,-114.12254,recarea
1443,39.1024,-114.7606,recarea
1444,34.1446643,-118.644097,city
1445,37.9577016,-121.290779,city
1446,37.3361663,-121.890591,city
1447,38.6779591,-121.176058,city
1448,38.4087993,-121.3716178,city
1449,36.7394421,-119.78483,city
1450,35.2827525,-120.659615,city
1451,35.987029,-121.015275,recarea
1452,33.7746292,-117.9463717,city
1453,37.8044557,-122.271356,city
1454,37.3029568,-120.4843269,city
1455,37.3688301,-122.036349,city
1456,32.5653831,-116.6298787,city
1457,33.6783336,-118.000016,city
1458,33.5965685,-117.659405,city
1459,34.2677404,-118.7538071,city
1460,33.937517,-117.2305944,city
1461,38.1040864,-122.2566367,city
1462,34.5793131,-118.11711,city
1463,35.4602055,-117.8445888,recarea
1464,38.5810606,-121.493895,city
1465,37.6774238,-113.061827,city
1466,34.6981064,-118.1366153,city
1467,33.9404441,-118.1292846,city
1468,37.9768525,-122.0335624,city
1469,37.8708393,-122.272863,city
1470,36.3302284,-119.292058,city
1471,36.2087301,-115.984614,city
1472,35.69138056,-116.2389028,recarea
1473,35.771782,-115.880331,recarea
1474,40.7906871,-124.1673746,city
1475,38.2971367,-122.2855293,city
1476,34.1081621,-117.28946,city
1477,37.7986184,-121.2117148,city
1478,33.5386858,-112.185994,city
1479,33.1216751,-117.0814849,city
1480,33.629247,-112.3681428,city
1481,33.7872568,-117.850308,city
1482,33.6856969,-117.825981,city
1483,38.2919984,-122.4578582,city
1484,38.0049214,-121.805789,city
1485,34.539984,-112.468812,city
1486,33.560832,-117.210656,city
1487,35.9787638,-114.8337739,city
1488,33.4270275,-117.6124179,city
1489,33.4255117,-111.940016,city
1490,37.7652076,-122.241635,city
1491,34.8986215,-117.0244313,city
1492,35.410899,-117.494062,recarea
1493,34.65175833,-116.8505694,recarea
1494,40.4162842,-120.653006,city
1495,40.67589,-120.744274,recarea
1496,32.6400541,-117.084195,city
1497,39.1698022,-119.7575628,city
1498,34.5361067,-117.2911565,city
1499,33.3062031,-111.841185,city
1500,33.4484367,-112.074141,city
1501,34.2783355,-119.293174,city
1502,33.3703197,-112.583776,city
1503,40.5863563,-122.391675,city
1504,40.84613,-122.83509,recarea
1505,40.921112,-122.652919,recarea
1506,36.9622745,-120.0594685,city
1507,36.8035642,-114.067141,city
1508,38.3565773,-121.9877444,city
1509,39.5404679,-119.7487235,city
1510,32.6926543,-114.6275386,city
1511,33.01863,-114.61518,recarea
1512,37.3893889,-122.0832101,city
1513,33.7494951,-117.873221,city
1514,34.065846,-117.64843,city
1515,34.1705609,-118.8375937,city
1516,33.4073522,-112.39348,city
1517,33.4355977,-112.349602,city
1518,37.6390972,-120.996878,city
1519,33.7192808,-116.2188054,city
1520,37.6535403,-122.4168664,city
1521,33.9562003,-118.353132,city
1522,33.5806115,-112.237294,city
1523,35.7688425,-119.247053,city
1524,33.1958696,-117.379483,city
1525,33.2021284,-117.2424787,city
1526,32.6405247,-115.474899,city
1527,36.600256,-121.8946388,city
1528,33.6715,-116.40793,recarea
1529,32.3512601,-95.3010624,city
1530,36.41667,-93.84833,recarea
1531,36.198601,-93.0935,recarea
1532,35.283333,-93.233403,recarea
1533,35.098474,-93.64981,recarea
1534,35.162928,-93.0935,recarea
1535,35.277846,-93.137738,recarea
1536,35.35252,-94.295575,recarea
1537,35.473399,-93.809228,recarea
1538,35.12335,-92.784267,recarea
1539,35.34999847,-90.21669769,recarea
1540,32.5007031,-94.74049,city
1541,33.694571,-93.960855,recarea
1542,33.4254259,-94.0430937,city
1543,34.572375,-93.187085,recarea
1544,34.21,-94.23,recarea
1545,34.14833,-93.715,recarea
1546,34.785784,-92.342408,recarea
1547,33.8443985,-94.25,recarea
1548,34.5113,-93.0532,recarea
1549,34.09833,-94.38167,recarea
1550,34.143614,-94.099743,recarea
1551,34.218119,-93.100473,recarea
1552,34.249855,-91.901356,recarea
1553,33.149607,-92.06019,recarea
1554,34.021958,-91.188888,recarea
1555,33.08330154,-91.66670227,recarea
1556,35.2595,-91.573551,recarea
1557,35.524755,-91.99824,recarea
1558,35.855545,-90.136795,recarea
1559,34.66667,-92.155,recarea
1560,35.854027,-90.137115,recarea
1561,35.07946,-91.362528,recarea
1562,35.2784173,-93.1337856,city
1563,35.075993,-92.537021,recarea
1564,34.951423,-92.996524,recarea
1565,34.410147,-92.10446,recarea
1566,34.2157064,-92.0140402,city
1567,33.988934,-91.309167,recarea
1568,34.164857,-91.677643,recarea
1569,35.0891932,-92.4398402,city
1570,31.3386242,-94.7288558,city
1571,41.5868654,-93.6249494,city
1572,31.6037322,-94.6559702,city
1573,34.5038393,-93.0552437,city
1574,34.7465071,-92.2896267,city
1575,36.36333,-92.57333,recarea
1576,36.25,-92.24,recarea
1577,41.7313063,-111.834914,city
1578,40.23722222,-112.1635278,recarea
1579,40.61394444,-112.7081111,recarea
1580,40.8935512,-111.3963157,recarea
1581,41.58180556,-112.6383056,recarea
1582,40.621403,-111.421005,recarea
1583,40.2378421,-111.738405,recarea
1584,40.23061111,-112.1844167,recarea
1585,40.5331139,-111.4900277,recarea
1586,41.0556904,-112.2431984,recarea
1587,40.9011,-111.5871,recarea
1588,43.5089,-112.007,recarea
1589,40.7763,-111.3885,recarea
1590,40.92642,-111.58721,recarea
1591,40.751,-111.8236,recarea
1592,40.4100486,-111.5030828,recarea
1593,40.2527078,-112.1012444,recarea
1594,41.42153,-112.05395,recarea
1595,40.40872,-111.50041,recarea
1596,41.89569,-111.97775,recarea
1597,40.80027,-111.40916,recarea
1598,41.62663,-111.87198,recarea
1599,41.507648,-112.069049,recarea
1600,41.6272,-111.8669,recarea
1601,40.457842,-111.9035733,recarea
1602,40.7336857,-112.2130133,recarea
1603,40.96746,-111.42835,recarea
1604,40.62624,-111.43889,recarea
1605,41.9637,-111.3993,recarea
1606,40.825417,-111.945111,recarea
1607,41.85455556,-113.0621667,recarea
1608,32.707667,-103.1311314,city
1609,33.40272083,-103.8610119,recarea
1610,32.49041,-104.25257,recarea
1611,32.51512778,-104.3798425,recarea
1612,32.02104556,-104.7260778,recarea
1613,32.567201,-104.350167,recarea
1614,33.47675167,-103.8276428,recarea
1615,32.61878556,-103.9442778,recarea
1616,32.4417,-104.2793,recarea
1617,35.2072185,-101.833824,city
1618,35.3601,-103.4515,recarea
1619,39.08875,-109.10212,recarea
1620,39.177737,-108.827444,recarea
1621,39.08638,-109.10142,recarea
1622,31.7372575,-106.485655,city
1623,31.879875,-107.083247,recarea
1624,32.3735,-106.8566,recarea
1625,32.2603,-106.8258,recarea
1626,32.4937,-106.91892,recarea
1627,31.91745278,-107.0666667,recarea
1628,32.8685,-107.3064,recarea
1629,32.5881,-107.9741,recarea
1630,33.1835,-107.2085,recarea
1631,32.09762861,-107.6263697,recarea
1632,32.49015778,-107.7224256,recarea
1633,32.95366333,-107.3159206,recarea
1634,32.7476,-105.9182,recarea
1635,32.57976,-105.8,recarea
1636,32.9964,-107.2869,recarea
1637,32.71497611,-107.5675047,recarea
1638,32.57149056,-106.0790525,recarea
1639,32.25829056,-106.5833333,recarea
1640,33.34423,-106.00738,recarea
1641,32.89595,-107.3106,recarea
1642,32.907247,-107.311593,recarea
1643,32.186,-107.6122,recarea
1644,32.38879333,-106.5833333,recarea
1645,33.17661,-107.20777,recarea
1646,32.3262425,-106.8833333,recarea
1647,32.37248028,-106.897435,recarea
1648,32.2962675,-106.6919511,recarea
1649,32.4928,-106.918,recarea
1650,32.68136757,-106.5415569,recarea
1651,32.318971,-106.632032,recarea
1652,31.8276,-107.6414,recarea
1653,32.48935889,-105.8192344,recarea
1654,32.4257456,-104.237612,city
1655,33.300374,-104.723043,recarea
1656,32.00643583,-104.8281392,recarea
1657,32.5514,-104.3839,recarea
1658,32.21215806,-104.4852986,recarea
1659,33.456053,-104.40169,recarea
1660,33.3383,-104.3347,recarea
1661,32.03535694,-104.8189183,recarea
1662,33.62942806,-104.2434919,recarea
1663,33.456097,-104.401698,recarea
1664,36.67826,-105.6666667,recarea
1665,36.32306806,-105.7,recarea
1666,36.6158,-106.737,recarea
1667,36.39,-105.57,recarea
1668,36.58237222,-106.7284953,recarea
1669,36.30521389,-106.0516036,recarea
1670,36.5887,-106.74535,recarea
1671,36.66384583,-105.6666667,recarea
1672,36.941,-104.3798,recarea
1673,36.68080639,-105.6666667,recarea
1674,36.76627917,-105.6333333,recarea
1675,36.67214667,-105.6833333,recarea
1676,36.6887,-106.694,recarea
1677,36.33572,-105.73318,recarea
1678,36.54704917,-105.6976614,recarea
1679,40.5710454,-111.8953815,city
1680,39.378,-112.0272,recarea
1681,40.71005556,-112.92825,recarea
1682,39.225291,-112.626669,recarea
1683,39.726489,-112.307417,recarea
1684,39.2012395,-111.6702475,recarea
1685,39.3799,-112.0256,recarea
1686,39.81578,-111.13536,recarea
1687,39.815759,-111.1379227,recarea
1688,40.772206,-113.981282,recarea
1689,40.61244444,-112.6987778,recarea
1690,40.71977778,-113.2851389,recarea
1691,38.967615,-112.3273357,recarea
1692,40.188824,-110.4541827,recarea
1693,39.380185,-112.026983,recarea
1694,39.347325,-110.9452627,recarea
1695,40.19337,-110.43216,recarea
1696,39.76020556,-110.9165167,recarea
1697,40.62527778,-112.2130556,recarea
1698,32.3140354,-106.779807,city
1699,34.10224889,-106.8996392,recarea
1700,33.804568,-106.889913,recarea
1701,33.68226167,-105.9224303,recarea
1702,33.80448,-106.891013,recarea
1703,34.10473694,-106.8689669,recarea
1704,34.00699972,-106.9931189,recarea
1705,40.3881114,-111.8486019,city
1706,38.59995,-111.84697,recarea
1707,35.88137,-106.298959,city
1708,35.2655,-105.3445,recarea
1709,35.15472,-106.60704,recarea
1710,35.625627,-106.327837,recarea
1711,35.608728,-106.120017,recarea
1712,35.84334,-105.90448,recarea
1713,35.95029194,-105.95374,recarea
1714,35.55489778,-106.8068008,recarea
1715,35.551069,-105.166675,recarea
1716,35.6566,-105.2322,recarea
1717,35.1287,-106.6829,recarea
1718,35.4446,-106.1224,recarea
1719,35.80500639,-106.1373972,recarea
1720,35.8825,-106.7264,recarea
1721,35.77,-105.83,recarea
1722,35.395,-106.54667,recarea
1723,35.49846417,-106.8414356,recarea
1724,36.20344278,-105.8466353,recarea
1725,35.455656,-106.211077,recarea
1726,36.533,-105.2652,recarea
1727,35.7302,-105.8367,recarea
1728,35.54561944,-106.7817506,recarea
1729,36.245525,-106.427714,recarea
1730,35.9805,-105.91442,recarea
1731,36.532,-105.1648,recarea
1732,38.5738096,-109.546214,city
1733,37.539917,-109.965881,recarea
1734,38.560942,-109.549686,recarea
1735,38.279224,-109.52464,recarea
1736,38.60593268,-109.4700563,recarea
1737,37.546082,-109.668213,recarea
1738,38.59482758,-110.80512323,recarea
1739,38.581997,-109.776336,recarea
1740,37.524446,-109.895777,recarea
1741,38.558809,-109.582974,recarea
1742,37.544495,-109.729187,recarea
1743,37.56561872,-109.772239,recarea
1744,38.338372,-110.982277,recarea
1745,38.63303,-109.48632,recarea
1746,38.17033,-109.37928,recarea
1747,38.9900343,-110.1569074,recarea
1748,38.633118,-109.486328,recarea
1749,39.07709202,-109.8421375,recarea
1750,38.72508,-109.30873,recarea
1751,38.803464,-110.04359,recarea
1752,38.773922,-109.712529,recarea
1753,38.5689742,-110.706287,recarea
1754,38.618946,-109.839343,recarea
1755,38.097155,-110.621959,recarea
1756,38.5538,-109.58692,recarea
1757,38.82438508,-110.9625799,recarea
1758,38.365881,-110.915269,recarea
1759,37.524223,-109.896007,recarea
1760,37.524087,-109.632809,recarea
1761,37.524278,-109.895806,recarea
1762,38.337979,-111.027892,recarea
1763,38.536958,-109.605021,recarea
1764,39.19551667,-110.0771806,recarea
1765,38.78516553,-109.5024769,recarea
1766,38.189406,-109.358447,recarea
1767,38.037109,-109.548096,recarea
1768,37.174338,-109.926958,recarea
1769,37.6318255,-109.4920997,recarea
1770,39.092,-111.194,recarea
1771,38.5058162,-109.7331732,recarea
1772,38.648682,-109.479675,recarea
1773,38.785147,-109.263479,recarea
1774,40.5307776,-112.29828,city
1775,40.32338889,-112.9021667,recarea
1776,37.53691156,-113.1526672,recarea
1777,37.36972333,-113.17494,recarea
1778,37.42564361,-113.0889694,recarea
1779,37.044761,-113.898537,recarea
1780,37.05133185,-112.5198681,recarea
1781,37.0735275,-112.5390184,recarea
1782,37.132934,-113.071022,recarea
1783,37.14360136,-112.3940516,recarea
1784,37.224,-113.405,recarea
1785,36.949747,-113.797959,recarea
1786,37.76539444,-113.15555556,recarea
1787,37.178389,-113.239627,recarea
1788,37.02676,-113.906734,recarea
1789,37.169645,-113.397149,recarea
1790,37.060898,-113.412487,recarea
1791,37.310897,-113.109111,recarea
1792,37.310745,-113.109491,recarea
1793,37.098591,-113.439236,recarea
1794,37.018188,-113.422292,recarea
1795,37.2543765,-113.7707202,recarea
1796,37.023026,-113.367129,recarea
1797,38.577548,-112.334578,recarea
1798,37.11586722,-113.5831464,recarea
1799,37.425633,-113.088933,recarea
1800,38.166438,-112.018424,recarea
1801,37.058297,-113.306473,recarea
1802,37.09,-113.846,recarea
1803,37.715047,-113.059015,recarea
1804,37.22343859,-113.3996061,recarea
1805,37.22584333,-113.4078228,recarea
1806,37.34057667,-113.1528828,recarea
1807,37.38527,-112.83909,recarea
1808,37.688607,-113.0647002,recarea
1809,37.09018611,-113.8473078,recarea
1810,37.15445624,-112.5736218,recarea
1811,37.203056,-113.641389,recarea
1812,37.06725059,-112.7046074,recarea
1813,37.44724194,-113.0909083,recarea
1814,37.075889,-113.871138,recarea
1815,37.37182417,-113.1894478,recarea
1816,37.24020749,-113.1848299,recarea
1817,36.73132,-112.046108,recarea
1818,36.982636,-113.503029,recarea
1819,37.023195,-113.367163,recarea
1820,37.377,-113.644,recarea
1821,38.1667,-112.2751,recarea
1822,37.252778,-113.367778,recarea
1823,37.909474,-112.984858,recarea
1824,37.05056008,-112.5182302,recarea
1825,37.339221,-113.225425,recarea
1826,37.138958,-112.533422,recarea
1827,37.07169163,-112.4925151,recarea
1828,38.3193192,-112.1963008,recarea
1829,37.058373,-113.306355,recarea
1830,37.02422376,-112.7941881,recarea
1831,37.30976145,-112.8563421,recarea
1832,37.0215136,-112.5596414,recarea
1833,37.01513361,-112.9812556,recarea
1834,36.979545,-113.795858,recarea
1835,36.981677,-112.915108,recarea
1836,37.02303669,-113.3670982,recarea
1837,37.00754554,-113.4109394,recarea
1838,37.1854,-113.3976,recarea
1839,37.207549,-113.398511,recarea
1840,37.142,-113.688,recarea
1841,37.693729,-113.030517,recarea
1842,37.16187616,-113.0822065,recarea
1843,37.013608,-113.409557,recarea
1844,37.1218007,-113.3852791,recarea
1845,37.03500188,-112.4233048,recarea
1846,37.02145876,-112.5652943,recarea
1847,37.037682,-112.7325284,recarea
1848,37.077376,-113.869745,recarea
1849,37.20994857,-113.399608,recarea
1850,37.22625207,-113.1144723,recarea
1851,37.22074167,-113.6877389,recarea
1852,37.206209,-113.475755,recarea
1853,37.1577788,-113.7052776,recarea
1854,35.9407,-105.3922,recarea
1855,36.56929,-104.586462,recarea
1856,36.1747,-105.2334,recarea
1857,40.4556825,-109.528474,city
1858,40.067724,-108.821892,recarea
1859,40.13435,-109.6435916,recarea
1860,39.56883611,-109.4580361,recarea
1861,40.51417,-109.54139,recarea
1862,40.57604,-109.41997,recarea
1863,40.86534,-109.48005,recarea
1864,40.89997,-109.17737,recarea
1865,40.51665,-109.54182,recarea
1866,40.5852329,-109.4436959,recarea
1867,40.4553238,-109.5209049,recarea
1868,40.7596198,-111.886797,city
1869,37.14641667,-111.935425,recarea
1870,37.019134,-112.025197,recarea
1871,37.33520833,-111.9078722,recarea
1872,37.01906892,-112.0247834,recarea
1873,33.3943282,-104.5229518,city
1874,34.61258,-104.40212,recarea
1875,33.49425,-105.39095,recarea
1876,33.66297806,-105.9713967,recarea
1877,34.2601,-103.3521,recarea
1878,33.49117111,-105.5181531,recarea
1879,34.6127,-104.3962,recarea
1880,36.81409,-107.61317,recarea
1881,36.87771472,-107.8918764,recarea
1882,36.3315,-107.4607639,recarea
1883,36.16254556,-107.9164464,recarea
1884,36.70116333,-108.2463069,recarea
1885,36.68687,-108.2181,recarea
1886,36.82321778,-107.6591619,recarea
1887,36.8295175,-108.1886028,recarea
1888,36.54701,-107.6166667,recarea
1889,36.76707361,-107.49979,recarea
1890,36.54675944,-107.86162,recarea
1891,35.5283506,-108.743907,city
1892,34.970669,-107.810372,recarea
1893,35.42507,-108.052,recarea
1894,35.00109639,-108.0833333,recarea
1895,35.3021,-108.106969,recarea
1896,35.42501722,-108.0522575,recarea
1897,41.2230048,-111.9738429,city
1898,41.50577778,-111.3180833,recarea
1899,41.2682462,-110.963758,city
1900,42.25448,-109.42823,recarea
1901,42.02493,-110.07647,recarea
1902,40.6967254,-111.986821,city
1903,36.5763,-103.3055,recarea
1904,31.7550511,-106.488234,city
1905,39.26155,-109.4025056,recarea
1906,29.6196787,-95.6349463,city
1907,29.059987,-95.268343,recarea
1908,29.065265,-95.319333,recarea
1909,29.851712,-94.685322,recarea
1910,29.822011,-94.664521,recarea
1911,30.33333,-96.53333,recarea
1912,30.09836,-94.76583,recarea
1913,28.95386,-96.54697,recarea
1914,29.668868,-96.266798,recarea
1915,29.70277778,-93.90111111,recarea
1916,29.791558,-95.617365,recarea
1917,29.709074,-93.919684,recarea
1918,28.914077,-95.577723,recarea
1919,29.27624,-94.813834,recarea
1920,25.988981,-98.0945766,city
1921,26.082165,-98.135359,recarea
1922,26.226533,-97.348542,recarea
1923,26.082515,-98.135493,recarea
1924,32.44645,-99.7475905,city
1925,31.968344,-98.498927,recarea
1926,31.85,-99.56667,recarea
1927,32.240731,-99.879139,recarea
1928,31.34137,-100.51415,recarea
1929,31.46667,-100.48333,recarea
1930,32.65271,-97.448841,recarea
1931,36.152079,-96.251442,recarea
1932,35.857495,-95.373301,recarea
1933,35.349505,-94.779846,recarea
1934,34.93833,-94.71667,recarea
1935,36.06111,-95.53494,recarea
1936,35.314229,-94.560283,recarea
1937,35.30952,-95.35725,recarea
1938,35.552107,-95.170819,recarea
1939,35.447284,-94.972615,recarea
1940,35.9466695,-96.30676,recarea
1941,36.426817,-95.678115,recarea
1942,36.318117,-94.70992,recarea
1943,35.975224,-95.288691,recarea
1944,35.598669,-95.031434,recarea
1945,32.9481789,-96.7297206,city
1946,32.61667,-96.96667,recarea
1947,33.85333,-95.54833,recarea
1948,33.834613,-96.567614,recarea
1949,31.91577,-97.190091,recarea
1950,33.032862,-96.484875,recarea
1951,31.599707,-97.217657,recarea
1952,33.06667,-97.01667,recarea
1953,33.331147,-95.627189,recarea
1954,31.849854,-97.368601,recarea
1955,32.965841,-97.05545,recarea
1956,32.26667,-96.63333,recarea
1957,31.95,-96.7,recarea
1958,33.739087,-96.752005,recarea
1959,33.354554,-97.048112,recarea
1960,34.17391049,-96.64699943,recarea
1961,34.016634,-95.37667,recarea
1962,34.31504,-95.87781,recarea
1963,34.43568,-97.00677,recarea
1964,34.405472,-103.2050709,city
1965,33.955327,-102.776992,recarea
1966,34.919381,-102.11138,recarea
1967,32.762437,-94.494868,recarea
1968,31.355323,-94.752157,recarea
1969,33.303959,-94.159485,recarea
1970,33.5855677,-101.8470215,city
1971,27.5030915,-99.5075644,city
1972,28.448771,-98.357559,recarea
1973,32.7355816,-97.1071186,city
1974,31.037043,-97.534746,recarea
1975,31.104005,-97.475133,recarea
1976,31.4649685,-100.4405094,city
1977,31.8457149,-102.367687,city
1978,25.8810158,-97.5064866,city
1979,33.046233,-96.994174,city
1980,34.235,-98.055,recarea
1981,35.2702448,-106.6329806,city
1982,34.6086854,-98.3903305,city
1983,35.20123,-97.23801,recarea
1984,35.17364,-98.47799,recarea
1985,35.645,-97.36167,recarea
1986,35.53007,-99.18706,recarea
1987,34.71055597,-98.62368822,recarea
1988,34.899828,-99.274091,recarea
1989,34.7459,-98.9691,recarea
1990,34.710644,-98.623426,recarea
1991,35.4729886,-97.5170536,city
1992,36.35167,-96.09167,recarea
1993,35.538427,-95.927808,recarea
1994,36.699502,-96.924017,recarea
1995,35.65193,-99.2813,recarea
1996,36.091323,-98.605832,recarea
1997,36.88421,-95.970343,recarea
1998,36.532793,-96.161334,recarea
1999,36.929551,-96.085948,recarea
2000,32.8295183,-96.9442177,city
2001,32.7666103,-96.599472,city
2002,32.912624,-96.6388833,city
2003,29.7028266,-98.1257348,city
2004,29.871768,-98.205536,recarea
2005,30.5056,-98.02558,recarea
2006,30.705174,-97.312336,recarea
2007,30.674557,-97.722468,recarea
2008,34.145816,-94.685218,recarea
2009,34.025,-95.07833,recarea
2010,34.021262,-94.737709,recarea
2011,33.2150386,-97.1330516,city
2012,35.6876096,-105.938456,city
2013,31.064243,-94.095966,recarea
2014,30.789708,-94.164653,recarea
2015,26.0907673,-98.2788191,city
2016,32.7762719,-96.7968559,city
2017,33.1031744,-96.6705503,city
2018,36.785504,-98.178978,recarea
2019,36.552102,-99.566112,recarea
2020,36.74833,-98.13833,recarea
2021,35.41391667,-101.9523611,recarea
2022,36.64279535,-101.2165953,recarea
2023,26.204114,-98.2300605,city
2024,35.0841034,-106.650985,city
2025,28.7997547,-97.0064246,city
2026,27.837274,-97.052947,recarea
2027,28.307699,-96.804561,recarea
2028,34.7743383,-96.6783651,city
2029,34.62833,-95.35,recarea
2030,29.7589382,-95.3676974,city
2031,35.2225717,-97.4394816,city
2032,27.4950571,-99.5074431,city
2033,31.9973662,-102.077948,city
2034,25.9015688,-97.4984005,city
2035,35.3272928,-96.9253004,city
2036,34.1729273,-97.1309119,city
2037,30.6743643,-96.3699632,city
2038,31.1171441,-97.727796,city
2039,33.1976496,-96.6154471,city
2040,30.5085915,-97.6788056,city
2041,30.6183939,-96.3455991,city
2042,29.4246002,-98.4951405,city
2043,32.9537349,-96.8902816,city
2044,35.6571367,-97.4649038,city
2045,30.1734194,-95.504686,city
2046,31.098207,-97.3427847,city
2047,42.5558542,-114.4700684,city
2048,48.5536972,-109.677802,city
2049,47.91825,-108.5281,recarea
2050,48.392939,-107.72828,recarea
2051,48.59164,-109.94996,recarea
2052,48.51452,-107.51125,recarea
2053,48.03166015,-110.2377386,recarea
2054,48.31477,-111.10323,recarea
2055,46.0131505,-112.536508,city
2056,45.216773,-111.791811,recarea
2057,45.74315,-112.67102,recarea
2058,44.66201,-112.76486,recarea
2059,46.64377,-111.88126,recarea
2060,46.81637,-113.3336,recarea
2061,46.82559,-113.33788,recarea
2062,45.67799,-111.03689,recarea
2063,44.999081,-112.855012,recarea
2064,46.91975,-113.672457,recarea
2065,46.637231,-111.72456,recarea
2066,45.516582,-111.607837,recarea
2067,45.22607,-112.11793,recarea
2068,39.44975,-99.13171,recarea
2069,39.761404,-100.100924,recarea
2070,42.8620287,-112.450627,city
2071,42.1044,-110.8284,recarea
2072,42.50262,-105.02732,recarea
2073,42.30586,-104.81251,recarea
2074,41.70467,-107.26857,recarea
2075,41.60636174,-107.2595274,recarea
2076,41.86084058,-107.0562144,recarea
2077,42.07752327,-110.1531224,recarea
2078,41.5734,-109.3411,recarea
2079,41.905546,-109.850376,recarea
2080,41.8507,-109.8575,recarea
2081,42.17197,-110.18783,recarea
2082,40.98139,-110.38518,recarea
2083,42.015,-110.6529,recarea
2084,45.933144,-107.996401,recarea
2085,45.9881,-108.0025,recarea
2086,45.7766,-108.467,recarea
2087,46.03335,-108.2831,recarea
2088,44.848801,-109.305863,recarea
2089,44.50172,-109.184404,recarea
2090,44.4634,-108.6388,recarea
2091,44.89947,-108.64068,recarea
2092,44.47578373,-109.414787,recarea
2093,44.459637,-109.187482,recarea
2094,44.804,-106.927,recarea
2095,44.525103,-109.090813,recarea
2096,44.5432857,-109.1232009,recarea
2097,44.71125,-108.88677,recarea
2098,44.78813323,-109.2592192,recarea
2099,49.1428076,-102.991075,city
2100,46.5927425,-112.036277,city
2101,47.677282,-111.310193,recarea
2102,47.70778,-112.06309,recarea
2103,47.54555,-112.43889,recarea
2104,44.00669137,-108.4753293,recarea
2105,44.51976,-107.86163,recarea
2106,44.28203077,-107.5179763,recarea
2107,44.306545,-108.419204,recarea
2108,44.292854,-109.486533,recarea
2109,44.424469,-109.257008,recarea
2110,44.0708034,-107.348757,recarea
2111,44.475789,-109.308459,recarea
2112,43.321348,-108.124512,recarea
2113,43.407591,-108.121821,recarea
2114,43.826095,-108.133599,recarea
2115,42.8501191,-106.325138,city
2116,42.679903,-106.263725,recarea
2117,42.9428,-106.6134,recarea
2118,42.19848,-106.86616,recarea
2119,42.2458,-106.579,recarea
2120,43.59710454,-106.911512,recarea
2121,42.5495,-107.0812,recarea
2122,42.47121,-106.85123,recarea
2123,42.56679,-106.71669,recarea
2124,42.56098,-106.72529,recarea
2125,42.5504,-106.7166,recarea
2126,42.50037,-106.8975,recarea
2127,43.4887907,-112.03628,city
2128,43.484,-110.7623,recarea
2129,44.08186498,-104.0556015,recarea
2130,44.35604,-104.75015,recarea
2131,44.5163,-105.4455,recarea
2132,45.6794293,-111.044047,city
2133,46.8701049,-113.995267,city
2134,46.55614,-114.075658,recarea
2135,47.2464,-114.32006,recarea
2136,46.271005,-114.158712,recarea
2137,48.202158,-114.315321,city
2138,48.422363,-115.315279,recarea
2139,48.176856,-114.950718,recarea
2140,48.34377,-114.01401,recarea
2141,43.8235163,-111.787022,city
2142,46.79242,-105.31225,recarea
2143,41.5860557,-109.2194544,city
2144,41.96112923,-109.0805706,recarea
2145,42.5206,-108.7202,recarea
2146,42.6034,-108.6143,recarea
2147,42.814816,-109.585584,recarea
2148,43.020596,-110.121475,recarea
2149,42.5332,-108.6808,recarea
2150,42.757618,-109.731741,recarea
2151,42.8958853,-109.8353529,recarea
2152,42.52829,-108.73238,recarea
2153,42.82229,-108.7171,recarea
2154,43.0247245,-108.380727,city
2155,42.50819007,-107.8539463,recarea
2156,42.7384,-108.8343,recarea
2157,43.2021,-108.75586,recarea
2158,43.17114,-108.64424,recarea
2159,42.9293,-107.6137,recarea
2160,43.29734,-108.23294,recarea
2161,43.524261,-109.560976,recarea
2162,44.63608687,-105.3373564,recarea
2163,48.483458,-104.451216,recarea
2164,48.483783,-104.449607,recarea
2165,43.479965,-110.761815,city
2166,43.5529,-110.6782,recarea
2167,47.5048851,-111.29189,city
2168,47.051451,-109.442317,recarea
2169,47.87025173,-112.64313151,recarea
2170,47.68107,-112.50719,recarea
2171,47.13565,-109.35223,recarea
2172,33.1505998,-96.8238183,city
2173,30.0860459,-94.1018461,city
2174,27.7635302,-97.4033191,city
2175,31.5491899,-97.1474628,city
2176,43.72753,-114.382539,recarea
2177,43.21833333,-113.8802778,recarea
2178,43.59653,-116.72278,recarea
2179,43.11,-113.89,recarea
2180,42.55388889,-113.2447222,recarea
2181,43.20222222,-114.6658333,recarea
2182,42.52583333,-113.9933333,recarea
2183,42.548975,-114.429611,recarea
2184,42.37527778,-114.7705556,recarea
2185,42.81388889,-112.3305556,recarea
2186,43.52797,-116.05367,recarea
2187,43.645145,-116.130369,recarea
2188,42.672648,-113.477013,recarea
2189,43.18583333,-114.9788889,recarea
2190,43.00166667,-114.3022222,recarea
2191,42.20083333,-114.9005556,recarea
2192,43.4625,-113.56,recarea
2193,43.18416667,-114.3455556,recarea
2194,43.24861111,-113.9963889,recarea
2195,42.03312,-114.72132,recarea
2196,43.20722222,-113.7547222,recarea
2197,42.57449,-115.08963,recarea
2198,43.49166667,-116.04,recarea
2199,43.59771,-115.92444,recarea
2200,43.71083333,-114.3747222,recarea
2201,43.462,-113.561,recarea
2202,43.560859,-116.666137,recarea
2203,43.487731,-114.367238,recarea
2204,43.14083333,-114.6875,recarea
2205,42.67493,-113.48313,recarea
2206,42.97416667,-114.4622222,recarea
2207,43.42994,-114.01947,recarea
2208,43.13805556,-114.8091667,recarea
2209,42.49928,-114.151935,recarea
2210,43.430083,-113.822459,recarea
2211,43.361678,-115.449576,recarea
2212,43.189998,-114.597322,recarea
2213,42.794859,-112.849466,recarea
2214,42.93472222,-113.8497222,recarea
2215,44.67194444,-111.3877778,recarea
2216,42.18555556,-111.5038889,recarea
2217,42.322518,-111.297055,recarea
2218,47.6742994,-116.7811531,city
2219,47.64741,-116.71841,recarea
2220,47.878938,-116.367214,recarea
2221,47.434586,-116.357411,recarea
2222,48.709538,-116.412424,recarea
2223,48.251228,-116.538884,recarea
2224,48.92416667,-116.5180556,recarea
2225,47.52527778,-116.5683333,recarea
2226,47.46361111,-116.9308333,recarea
2227,47.388569,-116.401248,recarea
2228,42.32555556,-111.9413889,recarea
2229,47.6571934,-117.42351,city
2230,46.36955,-116.85949,recarea
2231,46.48833333,-116.7525,recarea
2232,46.0667277,-118.339345,city
2233,45.02675,-117.77965,recarea
2234,39.04292,-113.40551,recarea
2235,38.58,-113.807,recarea
2236,38.971257,-113.380361,recarea
2237,40.0785,-113.9687222,recarea
2238,43.5737361,-116.559631,city
2239,43.23194444,-116.56,recarea
2240,44.799038,-116.933112,recarea
2241,43.34888889,-116.7127778,recarea
2242,44.29805556,-117.2080556,recarea
2243,43.93222,-116.43761,recarea
2244,43.48277778,-116.9230556,recarea
2245,43.29941,-116.52234,recarea
2246,42.7575,-116.2969444,recarea
2247,44.128352,-115.813047,recarea
2248,43.09361111,-116.4497222,recarea
2249,43.93003,-116.3335,recarea
2250,42.73952,-116.31424,recarea
2251,44.00470692,-116.18038311,recarea
2252,44.06675,-115.93997,recarea
2253,44.38845,-116.89583,recarea
2254,44.05777778,-116.8883333,recarea
2255,44.51888,-116.04461,recarea
2256,43.18222222,-116.1802778,recarea
2257,42.2781,-112.0259,recarea
2258,42.66416667,-111.9627778,recarea
2259,43.030797,-111.376812,recarea
2260,43.50248,-111.76534,recarea
2261,42.71,-112.9508333,recarea
2262,44.43867,-111.42694,recarea
2263,43.92833333,-111.7780556,recarea
2264,43.65166667,-111.7091667,recarea
2265,43.32911,-111.22136,recarea
2266,43.96138889,-113.6786111,recarea
2267,43.47222222,-112.3469444,recarea
2268,43.965122,-112.26461,recarea
2269,43.78555556,-111.9902778,recarea
2270,43.342166,-111.208031,recarea
2271,43.33083333,-112.7994444,recarea
2272,42.98757,-111.73653,recarea
2273,41.0751048,-111.9741925,city
2274,46.4195913,-117.0216144,city
2275,46.1676,-116.73528,recarea
2276,46.51,-116.29607,recarea
2277,46.21153,-116.83284,recarea
2278,45.79127,-116.31933,recarea
2279,46.07334,-116.34709,recarea
2280,45.95377,-116.11524,recarea
2281,38.32556,-111.95012,recarea
2282,37.38816667,-112.9106839,recarea
2283,37.518587,-111.9903427,recarea
2284,38.78591944,-111.9650972,recarea
2285,38.547699,-113.547832,recarea
2286,37.617,-112.691,recarea
2287,37.64774444,-111.9109861,recarea
2288,44.12948,-110.82055,recarea
2289,40.2337289,-111.6587085,city
2290,39.28103,-112.775832,recarea
2291,43.6086295,-116.392326,city
2292,42.77305556,-115.7161111,recarea
2293,43.6166163,-116.200886,city
2294,35.02833,-104.68833,recarea
2295,35.0352,-104.6851,recarea
2296,35.63193472,-107.2333333,recarea
2297,34.24354778,-106.9939436,recarea
2298,34.351472,-106.882278,recarea
2299,35.58198472,-107.2235689,recarea
2300,35.54513472,-106.8666667,recarea
2301,34.16620889,-106.8399672,recarea
2302,35.54281111,-107.2144497,recarea
2303,34.15896139,-106.8882458,recarea
2304,34.74899556,-107.5015961,recarea
2305,35.65877139,-107.1833333,recarea
2306,34.6034,-106.361,recarea
2307,33.6398609,-96.6089146,city
2308,35.91537,-94.969956,city
2309,36.1156306,-97.0585717,city
2310,36.658639,-101.135511,recarea
2311,29.3056996,-94.7933252,city
2312,35.7478769,-95.3696909,city
2313,26.1907543,-97.6960599,city
2314,35.3880338,-94.4265011,city
2315,33.9004572,-98.5020777,city
2316,33.798417,-99.839932,recarea
2317,33.0136764,-96.6925096,city
2318,32.753177,-97.3327459,city
2319,30.2711286,-97.7436995,city
2320,29.6910753,-95.2092076,city
2321,26.3013982,-98.1624501,city
2322,32.7459645,-96.9977846,city
2323,34.02806417,-106.7448561,recarea
2324,32.8998822,-105.9602081,city
2325,32.8245,-105.653,recarea
2326,32.7711825,-108.2764164,city
2327,32.91680306,-108.9733728,recarea
2328,32.945495,-109.0470103,recarea
2329,43.1579812,-79.2441003,city
2330,43.112621,-78.403878,recarea
2331,42.966987,-76.740909,recarea
2332,42.697733,-77.905869,recarea
2333,40.794385,-72.886536,recarea
2334,40.8959885,-73.53472137,recarea
2335,40.92851257,-73.44012451,recarea
2336,40.7966,-72.8797,recarea
2337,41.6517,-74.2106,recarea
2338,40.7092018,-73.203598,recarea
2339,42.513611,-76.791389,recarea
2340,42.34427,-77.709783,recarea
2341,42.325,-75.22333,recarea
2342,42.5,-76.0,recarea
2343,42.1294712,-80.0852695,city
2344,37.5385087,-77.43428,city
2345,41.9438129,-71.2806515,city
2346,43.3478,-70.5492,recarea
2347,46.8606301,-68.0116807,city
2348,46.93426,-67.870474,recarea
2349,39.4862777,-75.0254256,city
2350,43.5278546,-71.470351,city
2351,43.81576,-71.66836,recarea
2352,41.3429922,-73.0787468,city
2353,42.3756401,-71.2358004,city
2354,43.438878,-70.7739832,city
2355,43.7477,-69.7834,recarea
2356,44.099294,-69.109095,recarea
2357,42.7777829,-71.0767724,city
2358,44.2297027,-69.7731228,city
2359,44.9794,-69.5758,recarea
2360,38.8950368,-77.0365427,city
2361,38.9846816,-77.0942447,city
2362,40.7812093,-73.2462273,city
2363,44.8016255,-68.7713289,city
2364,44.53856,-67.880346,recarea
2365,44.538499,-67.880468,recarea
2366,45.114975,-67.281082,recarea
2367,45.114791,-67.280893,recarea
2368,42.7284117,-73.6917878,city
2369,41.6612104,-72.7795419,city
2370,42.4084302,-71.0119948,city
2371,43.0481221,-76.1474244,city
2372,41.3082138,-72.9250518,city
2373,43.157285,-77.615214,city
2374,42.3875968,-71.0994968,city
2375,42.8579536,-70.9300921,city
2376,42.0834335,-71.0183787,city
2377,43.9133661,-69.8140298,city
2378,42.3554334,-71.060511,city
2379,42.7656251,-71.4677032,city
2380,42.566751,-70.9368313,city
2381,44.5520105,-69.6317121,city
2382,41.8873726,-71.3876472,city
2383,41.8789531,-71.3821203,city
2384,41.5538091,-73.0438362,city
2385,43.1249127,-79.2005935,city
2386,40.6916081,-75.2099866,city
2387,44.3169922,-69.7734278,city
2388,39.0984317,-76.8485094,city
2389,44.1004515,-70.2150294,city
2390,42.4396039,-76.4968019,city
2391,43.0821793,-73.7853915,city
2392,41.6735209,-72.9464859,city
2393,39.9448402,-75.1198911,city
2394,44.2602244,-72.5750364,city
2395,40.7215682,-74.047455,city
2396,43.0702223,-70.7548621,city
2397,39.6526498,-78.762383,city
2398,43.643032,-72.251587,city
2399,43.6414716,-70.2408811,city
2400,41.394817,-73.4540111,city
2401,39.415779,-77.4127562,city
2402,41.0534302,-73.5387341,city
2403,41.5623178,-72.6509061,city
2404,42.4792618,-71.1522766,city
2405,42.451302,-73.260018,city
2406,43.3727579,-72.3382504,city
2407,42.4184296,-71.1061639,city
2408,42.9922181,-79.2484192,city
2409,42.4564323,-71.064182,city
2410,42.7070354,-71.1631137,city
2411,42.5267443,-71.7614891,city
2412,38.7509488,-77.4752667,city
2413,42.3370414,-71.2092214,city
2414,43.6084792,-72.9724768,city
2415,42.2773177,-71.4165905,city
2416,44.2856028,-69.790165,city
2417,42.5195292,-70.8967226,city
2418,42.3655767,-71.1040018,city
2419,39.5751717,-76.9959168,city
2420,38.1495947,-79.072557,city
2421,40.518681,-78.394736,city
2422,40.9646867,-75.9852789,city
2423,42.8125913,-70.8772751,city
2424,43.4442432,-71.6472988,city
2425,40.335345,-75.9279495,city
2426,39.4562528,-77.9639604,city
2427,37.227928,-77.4019268,city
2428,42.933597,-72.2784264,city
2429,40.3429683,-76.4233816,city
2430,44.794713,-68.7661547,city
2431,37.3043154,-77.2872001,city
2432,42.5278731,-70.9286609,city
2433,38.029306,-78.4766781,city
2434,41.1792695,-73.1887863,city
2435,39.5355063,-76.3490396,city
2436,42.5486559,-70.8784256,city
2437,42.2509914,-71.0037374,city
2438,47.364409,-68.328094,city
2439,38.9529442,-76.9408647,city
2440,46.6812216,-68.0154578,city
2441,44.4696138,-71.1809821,city
2442,42.6159286,-70.6619888,city
2443,40.6178915,-75.3786521,city
2444,43.207178,-71.537476,city
2445,43.1981117,-70.8739761,city
2446,42.6414437,-71.3085329,city
2447,43.0407742,-78.8660527,city
2448,41.9019257,-71.0931485,city
2449,42.3459271,-71.5522874,city
2450,43.08436,-79.0614686,city
2451,41.1175966,-73.4078968,city
2452,43.6763036,-70.3663874,city
2453,41.9583799,-70.6673851,city
2454,41.764582,-72.6908547,city
2455,44.9050394,-66.9846372,city
2456,40.622825,-79.1533097,city
2457,42.6511674,-73.754968,city
2458,37.4137536,-79.1422464,city
2459,45.1890175,-67.2781391,city
2460,42.2625621,-71.8018877,city
2461,42.5763523,-71.9952737,city
2462,43.020679,-78.878383,city
2463,42.4268484,-71.0683741,city
2464,39.6296809,-79.9559437,city
2465,40.9115386,-73.7826363,city
2466,38.7744952,-76.0763065,city
2467,44.4261711,-69.0065596,city
2468,38.2658897,-76.4522844,city
2469,43.3050631,-70.9753629,city
2470,38.3348728,-75.0847659,city
2471,44.1048463,-69.109139,city
2472,40.2663107,-76.8861122,city
2473,42.5854371,-71.8046023,city
2474,41.8006523,-73.1212214,city
2475,37.270973,-79.9414313,city
2476,38.8903961,-77.0841585,city
2477,43.5009176,-70.4428286,city
2478,44.0979903,-70.2312137,city
2479,41.5381535,-72.8070435,city
2480,38.8462236,-77.3063733,city
2481,42.1413353,-71.5192019,city
2482,42.9956397,-71.4547891,city
2483,38.9786401,-76.492786,city
2484,43.1009031,-75.2326641,city
2485,41.641445,-80.151449,city
2486,43.4925843,-70.4533844,city
2487,40.7259621,-73.5144766,city
2488,42.466763,-70.9494939,city
2489,39.158168,-75.5243682,city
2490,36.8529841,-75.9774183,city
2491,36.7183708,-76.2466798,city
2492,36.5879877,-79.3916713,city
2493,37.2296566,-80.4136767,city
2494,42.7262016,-71.1908924,city
2495,43.1065603,-79.0639039,city
2496,42.0028761,-71.5147839,city
2497,42.8142432,-73.9395687,city
2498,44.1969042,-72.5007458,city
2499,39.2806451,-80.3445341,city
2500,44.5414596,-68.4243599,city
2501,43.6573605,-70.2586618,city
2502,39.1852184,-78.1652404,city
2503,39.6430455,-77.7191081,city
2504,38.9424464,-76.7301718,city
2505,39.2908816,-76.610759,city
2506,43.9747838,-75.9107565,city
2507,42.8867166,-78.8783922,city
2508,44.9354209,-68.6464233,city
2509,39.9527237,-75.1635262,city
2510,40.9167654,-74.171811,city
2511,36.7282096,-76.5835703,city
2512,42.3917638,-71.0328284,city
2513,40.4416941,-79.9900861,city
2514,42.5876342,-72.6002068,city
2515,41.289,-72.4712,recarea
2516,41.657535,-73.107747,recarea
2517,42.004815,-73.038515,recarea
2518,41.620707,-73.037257,recarea
2519,41.5141,-73.06667,recarea
2520,41.765127,-72.183945,recarea
2521,41.68167,-73.09167,recarea
2522,41.699389,-73.058838,recarea
2523,41.945,-71.9,recarea
2524,41.6455,-73.382,recarea
2525,42.4323,-72.5397,recarea
2526,42.79826,-70.848958,recarea
2527,42.431794,-72.535202,recarea
2528,42.4697,-71.5671,recarea
2529,42.79825,-70.84889,recarea
2530,42.42833,-72.02667,recarea
2531,42.63167,-72.12333,recarea
2532,42.11833,-71.90833,recarea
2533,42.07333,-72.29167,recarea
2534,42.108075,-72.126284,recarea
2535,42.12,-71.88,recarea
2536,42.291047,-72.860082,recarea
2537,42.265,-72.88167,recarea
2538,42.64167,-72.225,recarea
2539,42.105795,-71.607103,recarea
2540,42.081861,-72.057751,recarea
2541,42.299706,-71.119753,recarea
2542,42.403361,-71.374417,recarea
2543,42.40162,-71.372726,recarea
2544,42.400837,-71.463473,recarea
2545,43.193685,-71.746957,recarea
2546,43.315139,-71.723333,recarea
2547,43.002483,-72.322028,recarea
2548,42.89544,-71.985597,recarea
2549,42.947926,-72.234228,recarea
2550,42.88560104,-71.86640167,recarea
2551,43.453672,-71.659013,recarea
2552,43.103746,-72.7747,recarea
2553,43.604254,-72.355751,recarea
2554,43.340764,-72.504704,recarea
2555,43.05,-72.70167,recarea
2556,43.773374,-72.257957,recarea
2557,41.7010642,-71.1546367,city
2558,41.367096,-71.685517,recarea
2559,41.36942,-71.67436,recarea
2560,41.4843,-71.2488,recarea
2561,41.38378,-71.58469,recarea
2562,41.590829,-71.324444,recarea
2563,41.657865,-69.95915,recarea
2564,41.657252,-69.958735,recarea
2565,41.744543,-70.597399,recarea
2566,42.198776,-70.716208,recarea
2567,41.584167,-70.525,recarea
2568,42.38,-70.34,recarea
2569,43.053969,-70.896278,recarea
2570,44.2296662,-69.7731429,city
2571,41.779588,-71.4366813,city
2572,41.6362152,-70.934205,city
2573,45.3056879,-73.2533401,city
2574,44.96651,-73.19896,recarea
2575,44.832298,-71.075907,recarea
2576,41.5243537,-72.0759008,city
2577,41.4899827,-71.3137707,city
2578,42.3178989,-72.6311006,city
2579,42.1018764,-72.5886727,city
2580,45.0184417,-74.728703,city
2581,42.2708804,-72.6719579,city
2582,41.6992717,-71.4586114,city
2583,44.2856241,-69.7902799,city
2584,40.9548956,-75.9769572,city
2585,44.4761601,-73.212906,city
2586,42.1205411,-72.7489158,city
2587,41.8194081,-71.376257,city
2588,42.2071434,-72.60765,city
2589,42.1487691,-72.6071119,city
2590,43.309941,-73.644447,city
2591,41.8239891,-71.4128343,city
2592,44.69282,-73.45562,city
2593,41.3556187,-72.0997804,city
2594,42.3264181,-122.8718605,city
2595,42.23206,-123.66051,recarea
2596,43.325466,-123.202982,recarea
2597,42.186166,-122.877164,recarea
2598,43.33314,-123.00476,recarea
2599,42.41606,-123.15519,recarea
2600,42.648636,-123.585537,recarea
2601,42.7052,-123.15313,recarea
2602,42.13867,-122.60068,recarea
2603,42.30242,-123.189873,recarea
2604,42.41621,-122.76963,recarea
2605,42.06089,-121.75412,recarea
2606,42.186613,-122.95028,recarea
2607,42.029,-122.524,recarea
2608,42.17302,-122.47192,recarea
2609,42.24987,-122.50896,recarea
2610,42.5121,-123.41698,recarea
2611,41.972611,-121.557583,recarea
2612,42.129914,-122.482971,recarea
2613,43.265382,-123.0735016,recarea
2614,42.663785,-122.67,recarea
2615,42.095298,-123.683128,recarea
2616,42.23888,-121.79671,recarea
2617,42.581047,-121.92836,recarea
2618,43.32071,-122.98872,recarea
2619,43.298407,-122.905637,recarea
2620,42.517105,-122.036868,recarea
2621,43.1025,-123.1654,recarea
2622,42.650923,-123.586682,recarea
2623,42.92174,-123.44667,recarea
2624,42.08951,-122.07277,recarea
2625,42.469165,-122.944708,recarea
2626,45.4307473,-122.771933,city
2627,44.05003,-123.17798,recarea
2628,44.757398,-122.510379,recarea
2629,43.716674,-123.058652,recarea
2630,45.615,-121.13833,recarea
2631,43.779504,-122.952558,recarea
2632,44.118234,-123.290383,recarea
2633,45.714872,-120.680193,recarea
2634,44.81767,-122.39048,recarea
2635,44.716304,-122.249828,recarea
2636,45.17779922,-123.9610977,recarea
2637,45.36276,-121.716156,recarea
2638,45.7114,-121.5191,recarea
2639,43.945866,-122.765811,recarea
2640,44.456124,-122.52264,recarea
2641,45.35033,-121.99681,recarea
2642,44.94918,-123.254705,recarea
2643,43.920248,-122.811914,recarea
2644,45.642029,-121.939767,recarea
2645,43.916637,-122.747296,recarea
2646,45.19269,-122.21246,recarea
2647,45.068683,-122.490207,recarea
2648,44.962621,-122.34177,recarea
2649,45.27803,-123.55287,recarea
2650,45.18053,-121.70893,recarea
2651,45.38330078,-122.8416977,recarea
2652,44.40869904,-123.3349991,recarea
2653,43.7768,-123.0083,recarea
2654,44.899971,-124.012542,recarea
2655,44.777386,-123.081571,recarea
2656,44.220818,-122.845291,recarea
2657,44.4129,-122.669596,recarea
2658,45.50114,-122.30615,recarea
2659,45.48823,-123.23191,recarea
2660,45.463978,-123.988221,recarea
2661,44.674938,-124.065318,recarea
2662,42.83613,-117.6212,recarea
2663,44.5645659,-123.2620435,city
2664,44.241184,-123.495426,recarea
2665,43.944329,-123.61876,recarea
2666,43.98635,-123.6633,recarea
2667,43.71167,-122.43333,recarea
2668,44.620428,-124.044713,recarea
2669,44.5864,-122.39757,recarea
2670,43.816029,-123.260338,recarea
2671,44.15927,-123.57308,recarea
2672,44.173786,-122.331763,recarea
2673,44.355278,-123.822784,recarea
2674,44.548635,-122.4296,recarea
2675,44.79731,-117.67306,recarea
2676,44.810983,-117.743587,recarea
2677,44.020548,-117.394225,recarea
2678,43.61481,-117.25202,recarea
2679,45.830851,-118.170435,recarea
2680,45.62114,-117.72294,recarea
2681,45.6421,-118.68629,recarea
2682,45.940946,-119.301748,recarea
2683,45.90614269,-119.5593525,recarea
2684,46.2087066,-119.119919,city
2685,45.357037,-119.547232,recarea
2686,44.0505054,-123.0950506,city
2687,43.23359,-122.95093,recarea
2688,43.45954,-121.9895,recarea
2689,44.03829,-122.13915,recarea
2690,43.60124,-123.82704,recarea
2691,43.59257,-123.83533,recarea
2692,44.0462362,-123.0220289,city
2693,44.28697,-121.31271,recarea
2694,43.7973,-121.75778,recarea
2695,43.70538,-121.75563,recarea
2696,44.9391565,-123.033121,city
2697,45.5202471,-122.674194,city
2698,45.26156,-121.03311,recarea
2699,45.6306954,-122.6744557,city
2700,45.4997475,-122.4309766,city
2701,45.16074,-121.31236,recarea
2702,45.4871723,-122.80378,city
2703,44.6365071,-123.1059324,city
2704,46.2804298,-119.275205,city
2705,46.2306739,-119.0921,city
2706,45.5228939,-122.989827,city
2707,44.0581728,-121.3153096,city
2708,44.567865,-120.156883,recarea
2709,44.36349,-121.25986,recarea
2710,44.063328,-120.909106,recarea
2711,44.695562,-120.284509,recarea
2712,44.004537,-121.01644,recarea
2713,44.49652,-121.16179,recarea
2714,44.30679,-120.7015,recarea
2715,44.411022,-121.292613,recarea
2716,44.13327,-120.71866,recarea
2717,42.967674,-121.580106,recarea
2718,44.044343,-121.327128,recarea
2719,44.12968,-120.83155,recarea
2720,43.85039,-120.73294,recarea
2721,45.10044,-121.13002,recarea
2722,42.836546,-124.563421,recarea
2723,43.158342,-124.380699,recarea
2724,43.1135,-124.43344,recarea
2725,42.996253,-124.450193,recarea
2726,42.224867,-121.78167,city
2727,42.1793,-120.3511,recarea
2728,42.20585,-121.13155,recarea
2729,45.81700134,-122.7450028,recarea
2730,47.072522,-122.713268,recarea
2731,46.232534,-123.399879,recarea
2732,45.63330078,-122.0,recarea
2733,45.573184,-122.308579,recarea
2734,45.56669998,-122.3000031,recarea
2735,45.965108,-121.342438,recarea
2736,48.461468,-117.732201,recarea
2737,47.4231987,-117.564003,recarea
2738,47.95483,-118.98992,recarea
2739,48.537975,-117.904956,recarea
2740,47.93901,-119.01043,recarea
2741,47.34588,-117.85768,recarea
2742,48.19412,-117.89316,recarea
2743,47.367395,-117.830433,recarea
2744,47.71555,-118.37687,recarea
2745,49.0945296,-117.7097659,city
2746,48.95365,-117.33742,recarea
2747,47.2455013,-122.438329,city
2748,48.14123,-123.188619,recarea
2749,47.2415044,-121.1892,recarea
2750,48.125,-122.9250031,recarea
2751,48.494444,-122.481389,recarea
2752,48.140055,-123.186414,recarea
2753,47.665794,-122.39686,recarea
2754,46.82098,-122.48333,recarea
2755,46.976178,-123.922201,recarea
2756,47.14,-121.93167,recarea
2757,47.39318,-121.39009,recarea
2758,46.85461,-120.479565,recarea
2759,47.2528,-121.06315,recarea
2760,46.97825,-119.5854,recarea
2761,46.565279,-118.540957,recarea
2762,46.66053,-117.42827,recarea
2763,46.70098,-119.01917,recarea
2764,47.44676,-119.25723,recarea
2765,46.97049,-119.3648,recarea
2766,47.53033,-118.50583,recarea
2767,47.61578,-119.29283,recarea
2768,48.02729,-118.09617,recarea
2769,46.900447,-119.229075,recarea
2770,47.23117,-119.99892,recarea
2771,46.70000076,-119.6299973,recarea
2772,46.201366,-118.993573,recarea
2773,46.29949951,-120.3815002,recarea
2774,45.909315,-119.545434,recarea
2775,46.61119,-120.62532,recarea
2776,45.596428,-118.800658,recarea
2777,46.23914,-119.48484,recarea
2778,45.58288,-118.79623,recarea
2779,46.066204,-118.264146,recarea
2780,46.58424,-118.02694,recarea
2781,45.86158,-119.150906,recarea
2782,46.252973,-118.879919,recarea
2783,48.4497693,-123.5046662,city
2784,47.4234599,-120.310349,city
2785,47.998795,-119.628172,recarea
2786,48.55596,-119.74949,recarea
2787,47.49917,-119.91242,recarea
2788,46.75121,-120.4641,recarea
2789,47.0451022,-122.8950075,city
2790,47.522245,-123.7091,recarea
2791,46.414298,-123.933749,recarea
2792,47.52224,-123.70915,recarea
2793,49.0521162,-122.329479,city
2794,48.170801,-122.670944,recarea
2795,47.9793437,-122.2127011,city
2796,47.5653663,-122.6246836,city
2797,32.1953,-81.1216,recarea
2798,34.0003117,-81.0331309,city
2799,32.9961038,-80.0387292,city
2800,33.0186699,-80.1762704,city
2801,33.8360035,-79.0478143,city
2802,33.9204354,-80.3414693,city
2803,32.8546197,-79.9748103,city
2804,41.946581,-121.565101,recarea
